2025-10-03 13:36:55,801 [INFO] Activator:176 - 


2025-10-03 13:36:55,805 [INFO] Activator:177 - !SESSION log4j initialized
2025-10-03 13:36:58,577 [INFO] LogOutputStream:77 - [STDOUT_REDIRECT] 
2025-10-03 13:37:02,743 [INFO] ApplicationProperties:184 - Using Application install path: /opt/stm32cubeide/plugins/com.st.stm32cube.common.mx_6.15.0.202507011659
2025-10-03 13:37:02,792 [INFO] DbMcusXml:78 - Set database path to: /opt/stm32cubeide/plugins/com.st.stm32cube.common.mx_6.15.0.202507011659//db//mcu/
2025-10-03 13:37:02,793 [INFO] ApiDb:274 - Set plugin database path to: /opt/stm32cubeide/plugins/com.st.stm32cube.common.mx_6.15.0.202507011659//db//plugins/boardmanager/
2025-10-03 13:37:02,794 [WARN] ApiDb:259 - Overriding images path with different value:  => /opt/stm32cubeide/plugins/com.st.stm32cube.common.mx_6.15.0.202507011659//db//plugins/mcufinder/images/
2025-10-03 13:37:02,809 [INFO] ApiDb:250 - Set database path to: /home/spy/.stmcufinder/plugins/mcufinder//mcu/
2025-10-03 13:37:02,813 [INFO] DbMcusAds:125 - Set database path to: /home/spy/.stmcufinder/plugins/mcufinder//mcu/
2025-10-03 13:37:02,818 [INFO] CrossReferenceDbSqlite:203 - Set database path to: /home/spy/.stmcufinder/plugins/mcufinder//mcu/cs/
2025-10-03 13:37:03,058 [INFO] RulesReader:64 - Compatibility file has been processed (317 Rules)
2025-10-03 13:37:03,195 [INFO] DbMcusXml:78 - Set database path to: /opt/stm32cubeide/plugins/com.st.stm32cube.common.mx_6.15.0.202507011659//db//mcu/
2025-10-03 13:37:03,195 [INFO] ApiDb:274 - Set plugin database path to: /opt/stm32cubeide/plugins/com.st.stm32cube.common.mx_6.15.0.202507011659//db//plugins/boardmanager/
2025-10-03 13:37:03,195 [INFO] ApiDb:261 - Set plugin images path to: /opt/stm32cubeide/plugins/com.st.stm32cube.common.mx_6.15.0.202507011659//db//plugins/mcufinder/images/
2025-10-03 13:37:03,196 [WARN] DbFile:41 - Overriding database path with different value: /home/spy/.stmcufinder/plugins/mcufinder/ => /home/spy/.stmcufinder/plugins/mcufinder
2025-10-03 13:37:03,196 [INFO] ApiDb:250 - Set database path to: /home/spy/.stmcufinder/plugins/mcufinder//mcu/
2025-10-03 13:37:03,196 [WARN] DbFile:41 - Overriding database path with different value: /home/spy/.stmcufinder/plugins/mcufinder/ => /home/spy/.stmcufinder/plugins/mcufinder
2025-10-03 13:37:03,196 [INFO] DbMcusAds:125 - Set database path to: /home/spy/.stmcufinder/plugins/mcufinder//mcu/
2025-10-03 13:37:03,196 [WARN] DbFile:41 - Overriding database path with different value: /home/spy/.stmcufinder/plugins/mcufinder/ => /home/spy/.stmcufinder/plugins/mcufinder
2025-10-03 13:37:03,196 [WARN] DbFile:41 - Overriding database path with different value: /home/spy/.stmcufinder/plugins/mcufinder/ => /home/spy/.stmcufinder/plugins/mcufinder
2025-10-03 13:37:03,197 [INFO] CrossReferenceDbSqlite:203 - Set database path to: /home/spy/.stmcufinder/plugins/mcufinder//mcu/cs/
2025-10-03 13:37:03,336 [INFO] MainPanel:274 - HeapMemory: 268435456
2025-10-03 13:37:03,664 [INFO] DbMcusXml:78 - Set database path to: /opt/stm32cubeide/plugins/com.st.stm32cube.common.mx_6.15.0.202507011659//db//mcu/
2025-10-03 13:37:03,664 [INFO] ApiDb:274 - Set plugin database path to: /opt/stm32cubeide/plugins/com.st.stm32cube.common.mx_6.15.0.202507011659//db//plugins/boardmanager/
2025-10-03 13:37:03,664 [INFO] ApiDb:261 - Set plugin images path to: /opt/stm32cubeide/plugins/com.st.stm32cube.common.mx_6.15.0.202507011659//db//plugins/mcufinder/images/
2025-10-03 13:37:03,665 [WARN] DbFile:41 - Overriding database path with different value: /home/spy/.stmcufinder/plugins/mcufinder/ => /home/spy/.stmcufinder/plugins/mcufinder
2025-10-03 13:37:03,665 [INFO] ApiDb:250 - Set database path to: /home/spy/.stmcufinder/plugins/mcufinder//mcu/
2025-10-03 13:37:03,665 [WARN] DbFile:41 - Overriding database path with different value: /home/spy/.stmcufinder/plugins/mcufinder/ => /home/spy/.stmcufinder/plugins/mcufinder
2025-10-03 13:37:03,666 [INFO] DbMcusAds:125 - Set database path to: /home/spy/.stmcufinder/plugins/mcufinder//mcu/
2025-10-03 13:37:03,666 [WARN] DbFile:41 - Overriding database path with different value: /home/spy/.stmcufinder/plugins/mcufinder/ => /home/spy/.stmcufinder/plugins/mcufinder
2025-10-03 13:37:03,666 [WARN] DbFile:41 - Overriding database path with different value: /home/spy/.stmcufinder/plugins/mcufinder/ => /home/spy/.stmcufinder/plugins/mcufinder
2025-10-03 13:37:03,666 [INFO] CrossReferenceDbSqlite:203 - Set database path to: /home/spy/.stmcufinder/plugins/mcufinder//mcu/cs/
2025-10-03 13:37:03,706 [INFO] ApplicationProperties:184 - Using Application install path: /opt/stm32cubeide/plugins/com.st.stm32cube.common.mx_6.15.0.202507011659
2025-10-03 13:37:03,711 [INFO] PluginManage:196 - Search for loadable plugins [exclusion list=, ]
2025-10-03 13:37:03,714 [INFO] PluginManage:310 - Check plugin analytics
2025-10-03 13:37:04,200 [INFO] AnalyticsPlugin:253 - Accepted Software Licenses: 
2025-10-03 13:37:04,201 [INFO] AnalyticsPlugin:255 - Accepted CMSIS Pack Licenses: 
2025-10-03 13:37:04,202 [INFO] AnalyticsPlugin:257 - Accepted Firmware Licenses: FW.L4.1.18.0
2025-10-03 13:37:04,208 [INFO] PluginManage:359 - Loaded plugin analytics (category:tool,tabindex:-1)
2025-10-03 13:37:04,209 [INFO] PluginManage:310 - Check plugin cadmodel
2025-10-03 13:37:04,223 [INFO] CADModel:105 - Init CAD model plugin
2025-10-03 13:37:04,224 [INFO] PluginManage:359 - Loaded plugin cadmodel (category:power,tabindex:5)
2025-10-03 13:37:04,225 [INFO] PluginManage:310 - Check plugin clock
2025-10-03 13:37:04,255 [INFO] PluginManage:359 - Loaded plugin clock (category:base,tabindex:2)
2025-10-03 13:37:04,256 [INFO] PluginManage:310 - Check plugin ddr
2025-10-03 13:37:04,262 [INFO] PluginManage:359 - Loaded plugin ddr (category:tool,tabindex:6)
2025-10-03 13:37:04,263 [INFO] PluginManage:310 - Check plugin filemanager
2025-10-03 13:37:04,814 [INFO] PluginManage:359 - Loaded plugin filemanager (category:base,tabindex:10)
2025-10-03 13:37:04,816 [INFO] PluginManage:310 - Check plugin ipmanager
2025-10-03 13:37:04,837 [INFO] PluginManage:359 - Loaded plugin ipmanager (category:base,tabindex:5)
2025-10-03 13:37:04,838 [INFO] PluginManage:310 - Check plugin lpbam
2025-10-03 13:37:04,875 [INFO] PluginManage:359 - Loaded plugin lpbam (category:base,tabindex:0)
2025-10-03 13:37:04,876 [INFO] PluginManage:310 - Check plugin memorymap
2025-10-03 13:37:04,915 [INFO] PluginManage:359 - Loaded plugin memorymap (category:base,tabindex:4)
2025-10-03 13:37:04,916 [INFO] PluginManage:310 - Check plugin pinoutandconfiguration
2025-10-03 13:37:04,942 [INFO] PluginManage:359 - Loaded plugin pinoutandconfiguration (category:base,tabindex:1)
2025-10-03 13:37:04,943 [INFO] PluginManage:310 - Check plugin pinoutconfig
2025-10-03 13:37:05,157 [WARN] SupportedApi:132 - Cannot load RTOS API schema: s4s-elt-must-match.1: The content of 'definitions' must match (annotation?, (simpleType | complexType)?, (unique | key | keyref)*)). A problem was found starting at: attribute.
2025-10-03 13:37:05,498 [INFO] PluginManage:359 - Loaded plugin pinoutconfig (category:base,tabindex:0)
2025-10-03 13:37:05,499 [INFO] PluginManage:310 - Check plugin power
2025-10-03 13:37:05,528 [INFO] PluginManage:359 - Loaded plugin power (category:power,tabindex:4)
2025-10-03 13:37:05,529 [INFO] PluginManage:310 - Check plugin projectmanager
2025-10-03 13:37:05,579 [INFO] PluginManage:359 - Loaded plugin projectmanager (category:projectmanager,tabindex:4)
2025-10-03 13:37:05,580 [INFO] PluginManage:310 - Check plugin rif
2025-10-03 13:37:05,600 [INFO] PluginManage:359 - Loaded plugin rif (category:base,tabindex:3)
2025-10-03 13:37:05,601 [INFO] PluginManage:310 - Check plugin thirdparty
2025-10-03 13:37:05,898 [INFO] PluginManage:359 - Loaded plugin thirdparty (category:base,tabindex:-1)
2025-10-03 13:37:05,898 [INFO] PluginManage:310 - Check plugin tools
2025-10-03 13:37:05,898 [WARN] IntegrityCheckThread:84 - waiting for thirdparty lock release [integrity check]
2025-10-03 13:37:05,899 [INFO] IntegrityCheckThread:86 - entering critical section [integrity check]
2025-10-03 13:37:05,900 [INFO] ThirdPartyUpdaterWithRetryManager:70 - Updater plugin not ready yet. [1/15]
2025-10-03 13:37:05,903 [INFO] PluginManage:359 - Loaded plugin tools (category:base,tabindex:7)
2025-10-03 13:37:05,904 [INFO] PluginManage:310 - Check plugin tutovideos
2025-10-03 13:37:06,292 [INFO] PluginManage:359 - Loaded plugin tutovideos (category:base,tabindex:-1)
2025-10-03 13:37:06,293 [INFO] PluginManage:310 - Check plugin updater
2025-10-03 13:37:06,343 [INFO] PluginManage:359 - Loaded plugin updater (category:base,tabindex:12)
2025-10-03 13:37:06,343 [INFO] PluginManage:310 - Check plugin userauth
2025-10-03 13:37:06,351 [INFO] UserAuth:118 - Init User Auth plugin
2025-10-03 13:37:06,352 [INFO] PluginManage:359 - Loaded plugin userauth (category:base,tabindex:14)
2025-10-03 13:37:06,354 [INFO] PluginManage:283 - PluginManage : Loaded plugins [18]
2025-10-03 13:37:06,749 [INFO] PinOutPanel:1589 - setPackage(No Configuration,No Configuration)
2025-10-03 13:37:06,895 [INFO] CADModel:165 - CPN selected for project level
2025-10-03 13:37:06,896 [INFO] CADModel:114 - Register for checkConnection events
2025-10-03 13:37:06,918 [INFO] IPUIPlugin:80 - create IPUIPlugin
2025-10-03 13:37:06,918 [INFO] PluginManager:220 - loadIPPluginJar : add gtzc
2025-10-03 13:37:06,928 [INFO] IPUIPlugin:80 - create IPUIPlugin
2025-10-03 13:37:06,929 [INFO] PluginManager:220 - loadIPPluginJar : add can
2025-10-03 13:37:06,932 [INFO] IPUIPlugin:80 - create IPUIPlugin
2025-10-03 13:37:06,933 [INFO] PluginManager:220 - loadIPPluginJar : add fatfs
2025-10-03 13:37:06,942 [INFO] IPUIPlugin:80 - create IPUIPlugin
2025-10-03 13:37:06,942 [INFO] PluginManager:220 - loadIPPluginJar : add opamp
2025-10-03 13:37:06,948 [INFO] IPUIPlugin:80 - create IPUIPlugin
2025-10-03 13:37:06,949 [INFO] PluginManager:220 - loadIPPluginJar : add gfxmmu
2025-10-03 13:37:06,959 [INFO] IPUIPlugin:80 - create IPUIPlugin
2025-10-03 13:37:06,960 [INFO] PluginManager:220 - loadIPPluginJar : add openamp
2025-10-03 13:37:06,974 [INFO] IPUIPlugin:80 - create IPUIPlugin
2025-10-03 13:37:06,975 [INFO] PluginManager:220 - loadIPPluginJar : add mdma
2025-10-03 13:37:06,984 [INFO] IPUIPlugin:80 - create IPUIPlugin
2025-10-03 13:37:06,985 [INFO] PluginManager:220 - loadIPPluginJar : add nvic
2025-10-03 13:37:06,994 [INFO] IPUIPlugin:80 - create IPUIPlugin
2025-10-03 13:37:06,995 [INFO] PluginManager:220 - loadIPPluginJar : add i2c
2025-10-03 13:37:07,010 [INFO] IPUIPlugin:80 - create IPUIPlugin
2025-10-03 13:37:07,010 [INFO] PluginManager:220 - loadIPPluginJar : add adc
2025-10-03 13:37:07,014 [INFO] IPUIPlugin:80 - create IPUIPlugin
2025-10-03 13:37:07,015 [INFO] PluginManager:220 - loadIPPluginJar : add ucpd
2025-10-03 13:37:07,021 [INFO] IPUIPlugin:80 - create IPUIPlugin
2025-10-03 13:37:07,021 [INFO] PluginManager:220 - loadIPPluginJar : add sai
2025-10-03 13:37:07,026 [INFO] IPUIPlugin:80 - create IPUIPlugin
2025-10-03 13:37:07,027 [INFO] PluginManager:220 - loadIPPluginJar : add hash
2025-10-03 13:37:07,032 [INFO] IPUIPlugin:80 - create IPUIPlugin
2025-10-03 13:37:07,032 [INFO] PluginManager:220 - loadIPPluginJar : add aes
2025-10-03 13:37:07,037 [INFO] IPUIPlugin:80 - create IPUIPlugin
2025-10-03 13:37:07,038 [INFO] PluginManager:220 - loadIPPluginJar : add i2s
2025-10-03 13:37:07,041 [INFO] IPUIPlugin:80 - create IPUIPlugin
2025-10-03 13:37:07,041 [INFO] PluginManager:220 - loadIPPluginJar : add ltdc
2025-10-03 13:37:07,048 [INFO] IPUIPlugin:80 - create IPUIPlugin
2025-10-03 13:37:07,048 [INFO] PluginManager:220 - loadIPPluginJar : add dma3
2025-10-03 13:37:07,053 [INFO] IPUIPlugin:80 - create IPUIPlugin
2025-10-03 13:37:07,053 [INFO] PluginManager:220 - loadIPPluginJar : add cryp
2025-10-03 13:37:07,057 [INFO] IPUIPlugin:80 - create IPUIPlugin
2025-10-03 13:37:07,057 [INFO] PluginManager:220 - loadIPPluginJar : add tsc
2025-10-03 13:37:07,062 [INFO] IPUIPlugin:80 - create IPUIPlugin
2025-10-03 13:37:07,063 [INFO] PluginManager:220 - loadIPPluginJar : add dfsdm
2025-10-03 13:37:07,069 [INFO] IPUIPlugin:80 - create IPUIPlugin
2025-10-03 13:37:07,070 [INFO] PluginManager:220 - loadIPPluginJar : add extmemmanager
2025-10-03 13:37:07,073 [INFO] IPUIPlugin:80 - create IPUIPlugin
2025-10-03 13:37:07,073 [INFO] PluginManager:220 - loadIPPluginJar : add genericplugin
2025-10-03 13:37:07,083 [INFO] IPUIPlugin:80 - create IPUIPlugin
2025-10-03 13:37:07,084 [INFO] PluginManager:220 - loadIPPluginJar : add freertos
2025-10-03 13:37:07,096 [INFO] IPUIPlugin:80 - create IPUIPlugin
2025-10-03 13:37:07,097 [INFO] PluginManager:220 - loadIPPluginJar : add gpio
2025-10-03 13:37:07,110 [INFO] IPUIPlugin:80 - create IPUIPlugin
2025-10-03 13:37:07,110 [INFO] PluginManager:220 - loadIPPluginJar : add fmc
2025-10-03 13:37:07,117 [INFO] IPUIPlugin:80 - create IPUIPlugin
2025-10-03 13:37:07,117 [INFO] PluginManager:220 - loadIPPluginJar : add lorawan
2025-10-03 13:37:07,124 [INFO] IPUIPlugin:80 - create IPUIPlugin
2025-10-03 13:37:07,124 [INFO] PluginManager:220 - loadIPPluginJar : add usbx
2025-10-03 13:37:07,130 [INFO] IPUIPlugin:80 - create IPUIPlugin
2025-10-03 13:37:07,131 [INFO] PluginManager:220 - loadIPPluginJar : add i3c
2025-10-03 13:37:07,134 [INFO] IPUIPlugin:80 - create IPUIPlugin
2025-10-03 13:37:07,135 [INFO] PluginManager:220 - loadIPPluginJar : add comp
2025-10-03 13:37:07,138 [INFO] IPUIPlugin:80 - create IPUIPlugin
2025-10-03 13:37:07,139 [INFO] PluginManager:220 - loadIPPluginJar : add ts
2025-10-03 13:37:07,143 [INFO] IPUIPlugin:80 - create IPUIPlugin
2025-10-03 13:37:07,143 [INFO] PluginManager:220 - loadIPPluginJar : add tracer_emb
2025-10-03 13:37:07,150 [INFO] IPUIPlugin:80 - create IPUIPlugin
2025-10-03 13:37:07,151 [INFO] PluginManager:220 - loadIPPluginJar : add touchsensing
2025-10-03 13:37:07,163 [INFO] IPUIPlugin:80 - create IPUIPlugin
2025-10-03 13:37:07,170 [INFO] PluginManager:220 - loadIPPluginJar : add plateformsettings
2025-10-03 13:37:07,174 [INFO] IPUIPlugin:80 - create IPUIPlugin
2025-10-03 13:37:07,177 [INFO] PluginManager:220 - loadIPPluginJar : add radio
2025-10-03 13:37:07,184 [INFO] IPUIPlugin:80 - create IPUIPlugin
2025-10-03 13:37:07,184 [INFO] PluginManager:220 - loadIPPluginJar : add ddr_ctrl_phy
2025-10-03 13:37:07,195 [INFO] IPUIPlugin:80 - create IPUIPlugin
2025-10-03 13:37:07,196 [INFO] PluginManager:220 - loadIPPluginJar : add dma
2025-10-03 13:37:07,210 [INFO] IPUIPlugin:80 - create IPUIPlugin
2025-10-03 13:37:07,210 [INFO] PluginManager:220 - loadIPPluginJar : add linkedlist
2025-10-03 13:37:07,214 [INFO] IPUIPlugin:80 - create IPUIPlugin
2025-10-03 13:37:07,214 [INFO] PluginManager:220 - loadIPPluginJar : add tim
2025-10-03 13:37:07,222 [INFO] IPUIPlugin:80 - create IPUIPlugin
2025-10-03 13:37:07,222 [INFO] PluginManager:220 - loadIPPluginJar : add resmgrutility
2025-10-03 13:37:07,228 [INFO] IPUIPlugin:80 - create IPUIPlugin
2025-10-03 13:37:07,228 [INFO] PluginManager:220 - loadIPPluginJar : add spi
2025-10-03 13:37:07,231 [INFO] IPUIPlugin:80 - create IPUIPlugin
2025-10-03 13:37:07,232 [INFO] PluginManager:220 - loadIPPluginJar : add quadspi
2025-10-03 13:37:07,239 [INFO] IPUIPlugin:80 - create IPUIPlugin
2025-10-03 13:37:07,240 [INFO] PluginManager:220 - loadIPPluginJar : add pdm2pcm
2025-10-03 13:37:07,254 [INFO] IPUIPlugin:80 - create IPUIPlugin
2025-10-03 13:37:07,254 [INFO] PluginManager:220 - loadIPPluginJar : add stm32_wpan
2025-10-03 13:37:07,261 [INFO] IPUIPlugin:80 - create IPUIPlugin
2025-10-03 13:37:07,262 [INFO] PluginManager:220 - loadIPPluginJar : add usart
2025-10-03 13:37:07,275 [INFO] IPUIPlugin:80 - create IPUIPlugin
2025-10-03 13:37:07,276 [INFO] PluginManager:220 - loadIPPluginJar : add gic
2025-10-03 13:37:07,282 [INFO] IPUIPlugin:80 - create IPUIPlugin
2025-10-03 13:37:07,282 [INFO] PluginManager:220 - loadIPPluginJar : add ipddr
2025-10-03 13:37:07,427 [FATAL] Updater:351 - Updater called before beeing initialized
2025-10-03 13:37:07,489 [INFO] RulesReader:64 - Compatibility file has been processed (317 Rules)
2025-10-03 13:37:07,510 [INFO] RulesReader:64 - Compatibility file has been processed (317 Rules)
2025-10-03 13:37:07,527 [INFO] CADModel:165 - CPN selected for project level
2025-10-03 13:37:07,528 [INFO] CADModel:114 - Register for checkConnection events
2025-10-03 13:37:07,528 [FATAL] Updater:351 - Updater called before beeing initialized
2025-10-03 13:37:07,528 [ERROR] CADModel:125 - Updater not yet initialized, retry later 
2025-10-03 13:37:07,782 [FATAL] Updater:351 - Updater called before beeing initialized
2025-10-03 13:37:07,786 [INFO] CADModel:165 - CPN selected for project level
2025-10-03 13:37:07,786 [INFO] CADModel:114 - Register for checkConnection events
2025-10-03 13:37:07,786 [FATAL] Updater:351 - Updater called before beeing initialized
2025-10-03 13:37:07,787 [ERROR] CADModel:125 - Updater not yet initialized, retry later 
2025-10-03 13:37:07,793 [FATAL] Updater:351 - Updater called before beeing initialized
2025-10-03 13:37:07,951 [FATAL] Updater:351 - Updater called before beeing initialized
2025-10-03 13:37:07,962 [INFO] DbMcusAds:53 - JSON generation date=Tue Jul 08 10:14:23 CEST 2025 (1751962463524)
2025-10-03 13:37:07,963 [FATAL] Updater:351 - Updater called before beeing initialized
2025-10-03 13:37:08,069 [WARN] DetailPanel:346 - Failed to get advertising image, set to default
2025-10-03 13:37:08,307 [FATAL] Updater:351 - Updater called before beeing initialized
2025-10-03 13:37:08,311 [FATAL] Updater:351 - Updater called before beeing initialized
2025-10-03 13:37:08,311 [FATAL] Updater:351 - Updater called before beeing initialized
2025-10-03 13:37:08,311 [WARN] DetailPanel:346 - Failed to get advertising image, set to default
2025-10-03 13:37:08,314 [FATAL] Updater:351 - Updater called before beeing initialized
2025-10-03 13:37:08,408 [ERROR] Updater:1198 - MainUpdater not yet initialized. External WinMGr cannot be set.
2025-10-03 13:37:08,413 [INFO] Updater:1134 - Updater Version found : 6.15.0
2025-10-03 13:37:08,452 [INFO] ApplicationProperties:184 - Using Application install path: /opt/stm32cubeide/plugins/com.st.stm32cube.common.mx_6.15.0.202507011659
2025-10-03 13:37:08,900 [INFO] ThirdPartyUpdaterWithRetryManager:70 - Updater plugin not ready yet. [2/15]
2025-10-03 13:37:09,348 [INFO] MainUpdater:2872 - connection check result : 10
2025-10-03 13:37:09,349 [INFO] MainUpdater:289 - Updater Check For Update Now.
2025-10-03 13:37:09,350 [INFO] MicroXplorer:498 - Change Database Version : DB.6.0.150
2025-10-03 13:37:09,364 [INFO] McuFinderGlobals:63 - Set McuFinder mode to 2 (CubeIDE integrated)
2025-10-03 13:37:09,367 [INFO] UserAuth:487 - Internet connection configuration mode: 1
2025-10-03 13:37:09,448 [INFO] JxBrowserEngine:152 - Initiate JxBrowser Engine with user profile folder
2025-10-03 13:37:09,700 [INFO] CheckServerUpdateThread:120 - End of CheckServer Thread
2025-10-03 13:37:11,347 [INFO] WebApp:169 - Instantiating new browser for Auth
2025-10-03 13:37:12,288 [WARN] PackLoader:240 - Cannot read IP mode file for STMicroelectronics.FP-SNS-MOTENVWB1.1.4.0
2025-10-03 13:37:12,308 [WARN] PackLoader:240 - Cannot read IP mode file for STMicroelectronics.FP-ATR-ASTRA1.2.0.2
2025-10-03 13:37:12,327 [WARN] PackLoader:240 - Cannot read IP mode file for STMicroelectronics.X-CUBE-SMBUS.2.1.0
2025-10-03 13:37:12,337 [WARN] PackLoader:240 - Cannot read IP mode file for STMicroelectronics.X-CUBE-ST60.1.0.0
2025-10-03 13:37:12,429 [WARN] PackLoader:240 - Cannot read IP mode file for STMicroelectronics.X-CUBE-AZRTOS-F7.1.1.0
2025-10-03 13:37:12,486 [WARN] PackLoader:240 - Cannot read IP mode file for WES.I-CUBE-Cesium.1.4.0
2025-10-03 13:37:12,591 [WARN] PackLoader:240 - Cannot read IP mode file for Infineon.AIROC-Wi-Fi-Bluetooth-STM32.1.7.1
2025-10-03 13:37:12,710 [WARN] PackLoader:240 - Cannot read IP mode file for STMicroelectronics.X-CUBE-AZRTOS-H7.3.4.0
2025-10-03 13:37:12,742 [WARN] PackLoader:240 - Cannot read IP mode file for STMicroelectronics.X-CUBE-DISPLAY.3.0.0
2025-10-03 13:37:12,784 [WARN] PackLoader:240 - Cannot read IP mode file for STMicroelectronics.X-CUBE-NFC10.1.0.0
2025-10-03 13:37:12,801 [WARN] PackLoader:240 - Cannot read IP mode file for emotas.I-CUBE-CANOPEN.1.3.0
2025-10-03 13:37:12,820 [WARN] PackLoader:240 - Cannot read IP mode file for STMicroelectronics.FP-SNS-STBOX1.2.1.0
2025-10-03 13:37:12,835 [WARN] PackLoader:240 - Cannot read IP mode file for STMicroelectronics.FP-SNS-SMARTAG2.1.2.0
2025-10-03 13:37:12,846 [WARN] PackLoader:240 - Cannot read IP mode file for STMicroelectronics.FP-SNS-FLIGHT1.5.1.0
2025-10-03 13:37:12,867 [INFO] LogOutputStream:77 - [STDOUT_REDIRECT] 1 : Invalid condition id : UX_CORESTACK_Condition cause : null
2025-10-03 13:37:12,868 [INFO] LogOutputStream:77 - [STDOUT_REDIRECT] 1 : Invalid condition id : UX_CORESTACK_Condition cause : null
2025-10-03 13:37:12,869 [INFO] LogOutputStream:77 - [STDOUT_REDIRECT] 1 : Invalid condition id : UX_CORESTACK_Condition cause : null
2025-10-03 13:37:12,870 [INFO] LogOutputStream:77 - [STDOUT_REDIRECT] 1 : Invalid condition id : UX_CORESTACK_Condition cause : null
2025-10-03 13:37:12,871 [INFO] LogOutputStream:77 - [STDOUT_REDIRECT] 1 : Invalid condition id : UX_CORESTACK_Condition cause : null
2025-10-03 13:37:12,881 [WARN] PackLoader:240 - Cannot read IP mode file for STMicroelectronics.X-CUBE-AZRTOS-WL.2.0.0
2025-10-03 13:37:12,894 [WARN] PackLoader:240 - Cannot read IP mode file for STMicroelectronics.FP-SNS-MOTENV1.5.0.0
2025-10-03 13:37:12,913 [WARN] PackLoader:240 - Cannot read IP mode file for STMicroelectronics.X-CUBE-BLE2.3.3.0
2025-10-03 13:37:12,931 [WARN] PackLoader:240 - Cannot read IP mode file for STMicroelectronics.X-CUBE-NFC9.1.0.0
2025-10-03 13:37:12,973 [WARN] PackLoader:240 - Cannot read IP mode file for wolfSSL.I-CUBE-wolfSSL.5.8.2
2025-10-03 13:37:12,985 [WARN] PackLoader:240 - Cannot read IP mode file for STMicroelectronics.X-CUBE-BLE1.7.1.0
2025-10-03 13:37:12,995 [WARN] PackLoader:240 - Cannot read IP mode file for wolfSSL.I-CUBE-wolfMQTT.1.19.2
2025-10-03 13:37:13,017 [WARN] PackLoader:240 - Cannot read IP mode file for STMicroelectronics.X-CUBE-EEPRMA1.5.2.0
2025-10-03 13:37:13,073 [WARN] PackLoader:240 - Cannot read IP mode file for STMicroelectronics.X-CUBE-AZRTOS-G0.1.1.0
2025-10-03 13:37:13,093 [WARN] PackLoader:240 - Cannot read IP mode file for STMicroelectronics.X-CUBE-SAFEA1.1.2.2
2025-10-03 13:37:13,107 [WARN] PackLoader:240 - Cannot read IP mode file for STMicroelectronics.X-CUBE-NFC4.3.0.0
2025-10-03 13:37:13,129 [WARN] PackLoader:240 - Cannot read IP mode file for EmbeddedOffice.I-CUBE-FS-RTOS.1.0.1
2025-10-03 13:37:13,142 [WARN] PackLoader:240 - Cannot read IP mode file for STMicroelectronics.X-CUBE-WB05N.2.0.0
2025-10-03 13:37:13,150 [WARN] PackLoader:240 - Cannot read IP mode file for wolfSSL.I-CUBE-wolfTPM.3.8.0
2025-10-03 13:37:13,159 [WARN] PackLoader:240 - Cannot read IP mode file for STMicroelectronics.X-CUBE-TCPP.4.2.0
2025-10-03 13:37:13,169 [WARN] PackLoader:240 - Cannot read IP mode file for RealThread.X-CUBE-RT-Thread_Nano.4.1.1
2025-10-03 13:37:13,176 [WARN] PackLoader:240 - Cannot read IP mode file for STMicroelectronics.FP-ATR-SIGFOX1.3.2.0
2025-10-03 13:37:13,186 [WARN] PackLoader:240 - Cannot read IP mode file for ITTIA_DB.I-CUBE-ITTIADB.8.9.0
2025-10-03 13:37:13,196 [WARN] PackLoader:240 - Cannot read IP mode file for STMicroelectronics.X-CUBE-ST67W61.1.0.0
2025-10-03 13:37:13,205 [WARN] PackLoader:240 - Cannot read IP mode file for STMicroelectronics.X-CUBE-AI.10.2.0
2025-10-03 13:37:13,264 [WARN] PackLoader:240 - Cannot read IP mode file for SEGGER.I-CUBE-embOS.1.3.1
2025-10-03 13:37:13,426 [WARN] PackLoader:240 - Cannot read IP mode file for STMicroelectronics.X-CUBE-ALGOBUILD.1.4.0
2025-10-03 13:37:13,515 [INFO] WebApp:463 - Apply proxy settings
2025-10-03 13:37:13,515 [INFO] WebApp:548 - Chromium requires no authentication
2025-10-03 13:37:13,548 [INFO] WebApp:491 - Direct internet connection detected
2025-10-03 13:37:13,590 [WARN] PackLoader:240 - Cannot read IP mode file for STMicroelectronics.X-CUBE-MEMS1.11.3.0
2025-10-03 13:37:13,615 [INFO] WebApp:900 - Register for checkConnection events
2025-10-03 13:37:13,615 [INFO] WebApp:463 - Apply proxy settings
2025-10-03 13:37:13,615 [INFO] WebApp:548 - Chromium requires no authentication
2025-10-03 13:37:13,617 [INFO] WebApp:491 - Direct internet connection detected
2025-10-03 13:37:14,110 [INFO] WebApp:225 - Starting web application
2025-10-03 13:37:14,111 [INFO] WebApp:593 - Web application path used /opt/stm32cubeide/plugins/com.st.stm32cube.common.mx_6.15.0.202507011659/db/plugins/mcufinder/reactClient1/index.html
2025-10-03 13:37:14,131 [WARN] PackLoader:240 - Cannot read IP mode file for STMicroelectronics.X-CUBE-PM33A1.1.0.0
2025-10-03 13:37:14,173 [WARN] PackLoader:240 - Cannot read IP mode file for STMicroelectronics.X-CUBE-AZRTOS-F4.1.1.0
2025-10-03 13:37:14,187 [WARN] PackLoader:240 - Cannot read IP mode file for Avnet-IotConnect.X-CUBE-IoTC-DA16k-PMOD.1.0.0
2025-10-03 13:37:14,197 [WARN] PackLoader:240 - Cannot read IP mode file for STMicroelectronics.X-CUBE-ISPU.2.1.0
2025-10-03 13:37:14,214 [WARN] PackLoader:240 - Cannot read IP mode file for STMicroelectronics.X-CUBE-NFC12.1.0.0
2025-10-03 13:37:14,324 [WARN] PackLoader:240 - Cannot read IP mode file for STMicroelectronics.X-CUBE-AZRTOS-L5.2.0.0
2025-10-03 13:37:14,353 [WARN] PackLoader:240 - Cannot read IP mode file for STMicroelectronics.X-CUBE-NFC6.3.1.0
2025-10-03 13:37:14,383 [WARN] PackLoader:240 - Cannot read IP mode file for STMicroelectronics.X-CUBE-FREERTOS.1.3.1
2025-10-03 13:37:14,397 [WARN] PackLoader:240 - Cannot read IP mode file for STMicroelectronics.X-CUBE-TOUCHGFX.4.26.0
2025-10-03 13:37:14,413 [WARN] PackLoader:240 - Cannot read IP mode file for STMicroelectronics.FP-SNS-STAIOTCFT.1.0.0
2025-10-03 13:37:14,442 [WARN] PackLoader:240 - Cannot read IP mode file for STMicroelectronics.X-CUBE-DPower.1.3.0
2025-10-03 13:37:14,492 [WARN] ConditionMgr:438 - getConditionDescription Invalid condition id : LAN8742 Phy interface Condition cause : null
2025-10-03 13:37:14,495 [WARN] PackLoader:240 - Cannot read IP mode file for STMicroelectronics.X-CUBE-AZRTOS-L4.2.0.0
2025-10-03 13:37:14,505 [WARN] ConditionMgr:1044 - genDependencies : Invalid condition id : LAN8742 Phy interface Condition cause : null
2025-10-03 13:37:14,506 [WARN] ConditionMgr:1044 - genDependencies : Invalid condition id : LAN8742 Phy interface Condition cause : null
2025-10-03 13:37:14,509 [WARN] ConditionMgr:1044 - genDependencies : Invalid condition id : LAN8742 Phy interface Condition cause : null
2025-10-03 13:37:14,536 [WARN] PackLoader:240 - Cannot read IP mode file for STMicroelectronics.X-CUBE-SFXS2LP1.4.0.0
2025-10-03 13:37:14,572 [WARN] PackLoader:240 - Cannot read IP mode file for STMicroelectronics.X-CUBE-BLEMGR.4.1.0
2025-10-03 13:37:14,601 [INFO] WebApp:191 - Connection restablished
2025-10-03 13:37:14,620 [WARN] ConditionMgr:438 - getConditionDescription Invalid condition id : UX DEVICE CLASS RTOS Condition cause : null
2025-10-03 13:37:14,621 [WARN] ConditionMgr:438 - getConditionDescription Invalid condition id : UX DEVICE CLASS RTOS Condition cause : null
2025-10-03 13:37:14,628 [WARN] PackLoader:240 - Cannot read IP mode file for STMicroelectronics.X-CUBE-AZRTOS-WB.2.0.0
2025-10-03 13:37:14,631 [WARN] ConditionMgr:1044 - genDependencies : Invalid condition id : UX DEVICE CLASS RTOS Condition cause : null
2025-10-03 13:37:14,632 [WARN] ConditionMgr:1044 - genDependencies : Invalid condition id : UX DEVICE CLASS RTOS Condition cause : null
2025-10-03 13:37:14,634 [WARN] ConditionMgr:1044 - genDependencies : Invalid condition id : UX DEVICE CLASS RTOS Condition cause : null
2025-10-03 13:37:14,635 [WARN] ConditionMgr:1044 - genDependencies : Invalid condition id : UX DEVICE CLASS RTOS Condition cause : null
2025-10-03 13:37:14,636 [WARN] ConditionMgr:1044 - genDependencies : Invalid condition id : UX DEVICE CLASS RTOS Condition cause : null
2025-10-03 13:37:14,651 [WARN] PackLoader:240 - Cannot read IP mode file for STMicroelectronics.X-CUBE-GNSS1.7.0.1
2025-10-03 13:37:14,666 [WARN] PackLoader:240 - Cannot read IP mode file for STMicroelectronics.X-CUBE-TOUCHGFX.4.25.0
2025-10-03 13:37:14,677 [WARN] ConditionMgr:438 - getConditionDescription Invalid condition id : Cortex-A Device cause : null
2025-10-03 13:37:14,699 [INFO] UserAuth:487 - Internet connection configuration mode: 1
2025-10-03 13:37:14,784 [WARN] ConditionMgr:1044 - genDependencies : Invalid condition id : Cortex-A Device cause : null
2025-10-03 13:37:14,785 [WARN] ConditionMgr:1044 - genDependencies : Invalid condition id : Cortex-A Device cause : null
2025-10-03 13:37:14,786 [WARN] ConditionMgr:1044 - genDependencies : Invalid condition id : Cortex-A Device cause : null
2025-10-03 13:37:14,818 [WARN] PackLoader:240 - Cannot read IP mode file for STMicroelectronics.X-CUBE-SUBG2.5.0.0
2025-10-03 13:37:14,914 [WARN] PackLoader:240 - Cannot read IP mode file for STMicroelectronics.X-CUBE-AZRTOS-H7RS.1.1.0
2025-10-03 13:37:14,934 [WARN] PackLoader:240 - Cannot read IP mode file for Cesanta.I-CUBE-Mongoose.7.13.0
2025-10-03 13:37:14,971 [WARN] PackLoader:240 - Cannot read IP mode file for STMicroelectronics.X-CUBE-AZRTOS-G4.2.0.0
2025-10-03 13:37:14,986 [WARN] PackLoader:240 - Cannot read IP mode file for wolfSSL.I-CUBE-wolfSSH.1.4.20
2025-10-03 13:37:15,006 [WARN] PackLoader:240 - Cannot read IP mode file for STMicroelectronics.X-CUBE-NFC7.2.0.0
2025-10-03 13:37:15,066 [WARN] PackLoader:240 - Cannot read IP mode file for STMicroelectronics.X-CUBE-IPS.3.1.0
2025-10-03 13:37:15,114 [WARN] PackLoader:240 - Cannot read IP mode file for STMicroelectronics.X-CUBE-ALS.1.0.2
2025-10-03 13:37:15,134 [WARN] PackLoader:240 - Cannot read IP mode file for STMicroelectronics.X-CUBE-STSE01.1.0.0
2025-10-03 13:37:15,168 [WARN] PackLoader:240 - Cannot read IP mode file for STMicroelectronics.X-CUBE-TOF1.3.4.3
2025-10-03 13:37:15,223 [INFO] ThirdParty:978 - Integrity check success = true
2025-10-03 13:37:15,223 [INFO] IntegrityCheckThread:100 - exiting critical section [integrity check]
2025-10-03 13:37:15,223 [INFO] IntegrityCheckThread:103 - End integrity checks thread
2025-10-03 13:37:39,712 [INFO] McuFinderGlobals:63 - Set McuFinder mode to 2 (CubeIDE integrated)
2025-10-03 13:37:41,434 [INFO] MainUpdater:2872 - connection check result : 10
2025-10-03 13:37:41,436 [INFO] MainUpdater:2872 - connection check result : 10
2025-10-03 13:37:41,497 [INFO] MicroXplorer:468 - Change Database Path : 
2025-10-03 13:37:41,498 [INFO] MicroXplorer:498 - Change Database Version : DB.6.0.150
2025-10-03 13:37:41,512 [WARN] ThirdParty:871 - waiting for thirdparty lock release [close project]
2025-10-03 13:37:41,513 [INFO] ThirdParty:873 - entering critical section [close project]
2025-10-03 13:37:41,516 [INFO] ThirdParty:883 - exiting critical section [close project]
2025-10-03 13:37:41,524 [INFO] PinOutPanel:1589 - setPackage(No Configuration,No Configuration)
2025-10-03 13:37:41,529 [INFO] UtilMem:75 - Begin LoadConfig() Used Memory: 360801704 Bytes (371195904)
2025-10-03 13:37:41,533 [INFO] MicroXplorer:468 - Change Database Path : 
2025-10-03 13:37:41,534 [INFO] MicroXplorer:498 - Change Database Version : DB.6.0.150
2025-10-03 13:37:41,534 [INFO] OpenFileManager:355 - Change cursor
2025-10-03 13:37:41,651 [INFO] Mcu:2029 - Initializing MCU STM32L433RCTxP STM32L433RCTxP STM32L433RCT6P
2025-10-03 13:37:45,657 [INFO] Context:786 - Trying to add GPIOservice into a context  which must be forbidden
2025-10-03 13:37:46,990 [INFO] ImportTextPane:234 - (OptionalMessage_ERROR) Pin17 (VP_RIF_VS_RIF1) cannot be retrieved for this MCU
2025-10-03 13:37:47,175 [INFO] RtosManager:558 - Registered RTOS mode: class=CMSIS, group=RTOS, mode=CMSIS_V1, owner=FREERTOS
2025-10-03 13:37:47,175 [INFO] RtosManager:558 - Registered RTOS mode: class=CMSIS, group=RTOS2, mode=CMSIS_V2, owner=FREERTOS
2025-10-03 13:37:47,176 [INFO] RtosManager:558 - Registered RTOS mode: class=RTOS, group=Core, mode=CMSIS_V1, owner=FREERTOS
2025-10-03 13:37:47,176 [INFO] RtosManager:558 - Registered RTOS mode: class=RTOS, group=Core, mode=CMSIS_V2, owner=FREERTOS
2025-10-03 13:37:47,176 [WARN] ModelIntegratedComponent:184 - Missing modes for component STMicroelectronics:FreeRTOS:0.0.1:STMicroelectronics:RTOS:FreeRTOS:Core:::10.2.0:
2025-10-03 13:37:47,242 [WARN] ModelIntegratedComponent:63 - No mode defined for component null
2025-10-03 13:37:47,242 [WARN] ModelIntegratedComponent:63 - No mode defined for component null
2025-10-03 13:37:47,242 [WARN] ModelIntegratedComponent:63 - No mode defined for component null
2025-10-03 13:37:47,242 [WARN] ModelIntegratedComponent:63 - No mode defined for component null
2025-10-03 13:37:47,242 [WARN] ModelIntegratedComponent:63 - No mode defined for component null
2025-10-03 13:37:47,242 [WARN] ModelIntegratedComponent:63 - No mode defined for component null
2025-10-03 13:37:47,243 [WARN] ModelIntegratedComponent:63 - No mode defined for component null
2025-10-03 13:37:47,243 [WARN] ModelIntegratedComponent:63 - No mode defined for component null
2025-10-03 13:37:47,243 [WARN] ModelIntegratedComponent:63 - No mode defined for component null
2025-10-03 13:37:47,243 [WARN] ModelIntegratedComponent:63 - No mode defined for component null
2025-10-03 13:37:47,243 [WARN] ModelIntegratedComponent:63 - No mode defined for component null
2025-10-03 13:37:47,243 [WARN] ModelIntegratedComponent:63 - No mode defined for component null
2025-10-03 13:37:47,243 [WARN] ModelIntegratedComponent:63 - No mode defined for component null
2025-10-03 13:37:47,244 [WARN] ModelIntegratedComponent:63 - No mode defined for component null
2025-10-03 13:37:47,244 [WARN] ModelIntegratedComponent:63 - No mode defined for component null
2025-10-03 13:37:47,244 [WARN] ModelIntegratedComponent:63 - No mode defined for component null
2025-10-03 13:37:47,244 [WARN] ModelIntegratedComponent:63 - No mode defined for component null
2025-10-03 13:37:47,244 [WARN] ModelIntegratedComponent:63 - No mode defined for component null
2025-10-03 13:37:47,244 [WARN] ModelIntegratedComponent:63 - No mode defined for component null
2025-10-03 13:37:47,244 [WARN] ModelIntegratedComponent:63 - No mode defined for component null
2025-10-03 13:37:47,245 [WARN] ModelIntegratedComponent:63 - No mode defined for component null
2025-10-03 13:37:47,245 [WARN] ModelIntegratedComponent:63 - No mode defined for component null
2025-10-03 13:37:47,245 [WARN] ModelIntegratedComponent:63 - No mode defined for component null
2025-10-03 13:37:47,245 [WARN] ModelIntegratedComponent:63 - No mode defined for component null
2025-10-03 13:37:47,245 [WARN] ModelIntegratedComponent:63 - No mode defined for component null
2025-10-03 13:37:47,245 [WARN] ModelIntegratedComponent:63 - No mode defined for component null
2025-10-03 13:37:47,245 [WARN] ModelIntegratedComponent:63 - No mode defined for component null
2025-10-03 13:37:47,245 [WARN] ModelIntegratedComponent:63 - No mode defined for component null
2025-10-03 13:37:47,245 [WARN] ModelIntegratedComponent:63 - No mode defined for component null
2025-10-03 13:37:47,246 [WARN] ModelIntegratedComponent:63 - No mode defined for component null
2025-10-03 13:37:47,246 [WARN] ModelIntegratedComponent:63 - No mode defined for component null
2025-10-03 13:37:47,246 [WARN] ModelIntegratedComponent:63 - No mode defined for component null
2025-10-03 13:37:47,246 [WARN] ModelIntegratedComponent:63 - No mode defined for component null
2025-10-03 13:37:47,246 [WARN] ModelIntegratedComponent:63 - No mode defined for component null
2025-10-03 13:37:47,246 [WARN] ModelIntegratedComponent:63 - No mode defined for component null
2025-10-03 13:37:47,246 [WARN] ModelPack:524 - Component already loaded: STMicroelectronics:HAL Drivers:0.0.0:STMicroelectronics:Device:STMicro_Driver:XSPI:HAL::0.0.1:HAL_XSPI
2025-10-03 13:37:47,583 [INFO] ThirdPartyModel:298 - Start build external matchings
2025-10-03 13:37:48,623 [INFO] ThirdPartyModel:316 - End build external matchings
2025-10-03 13:37:48,678 [INFO] ImportTextPane:234 - (OptionalMessage_ERROR) IP (RCC) : Invalid parameter (FamilyName)
2025-10-03 13:37:48,679 [INFO] ImportTextPane:234 - (OptionalMessage_ERROR) IP (RCC) : Invalid parameter (I2C4Freq_Value)
2025-10-03 13:37:48,684 [INFO] ImportTextPane:234 - (OptionalMessage_ERROR) IP (RCC) : Parameter (RNGFreq_Value) has invalid value (64000000)
2025-10-03 13:37:48,684 [INFO] ImportTextPane:234 - (OptionalMessage_ERROR) IP (RCC) : Parameter (SDMMCFreq_Value) has invalid value (64000000)
2025-10-03 13:37:48,685 [INFO] ImportTextPane:234 - (OptionalMessage_ERROR) IP (RCC) : Invalid parameter (UART4Freq_Value)
2025-10-03 13:37:48,685 [INFO] ImportTextPane:234 - (OptionalMessage_ERROR) IP (RCC) : Invalid parameter (UART5Freq_Value)
2025-10-03 13:37:48,685 [INFO] ImportTextPane:234 - (OptionalMessage_ERROR) IP (RCC) : Parameter (USBFreq_Value) has invalid value (64000000)
2025-10-03 13:37:48,687 [INFO] ImportTextPane:234 - (OptionalMessage_ERROR) IP (RCC) : Invalid parameter (VCOSAI2OutputFreq_Value)
2025-10-03 13:37:49,798 [INFO] ApiDb:581 - Connected to CubeFinder SQLite database (/home/spy/.stmcufinder/plugins/mcufinder/mcu/cube-finder-db.db)
2025-10-03 13:37:49,916 [INFO] ApiDb:668 - CubeFinder database Data Model version=2.1
2025-10-03 13:37:49,917 [INFO] ApiDb:669 - CubeFinder database Configuration version=3.0.39
2025-10-03 13:37:49,917 [INFO] ApiDb:670 - CubeFinder database generation date=2025-08-25 (1756130511)
2025-10-03 13:37:49,917 [INFO] ApiDb:671 - CubeFinder database FW Pack versions=[FP-ATR-ASTRA1_V2.0.0, FP-SNS-FLIGHT1_V5.1.0, FP-SNS-MOTENV1_V5.0.0, FP-SNS-MOTENVWB1_V1.4.0, FP-SNS-SMARTAG2_V1.2.0, FP-SNS-STBOX1_V2.1.0, STM32Cube_FW_C0_V1.4.0, STM32Cube_FW_F4_V1.28.3, STM32Cube_FW_F7_V1.17.4, STM32Cube_FW_G0_V1.6.2, STM32Cube_FW_G4_V1.6.1, STM32Cube_FW_H5_V1.5.0, STM32Cube_FW_H7RS_V1.2.0, STM32Cube_FW_H7_V1.12.1, STM32Cube_FW_L0_V1.12.2, STM32Cube_FW_L4_V1.18.1, STM32Cube_FW_L5_V1.5.1, STM32Cube_FW_N6_V1.2.0, STM32Cube_FW_U0_V1.3.0, STM32Cube_FW_U3_V1.2.0, STM32Cube_FW_U5_V1.8.0, STM32Cube_FW_WB0_V1.3.0, STM32Cube_FW_WBA_V1.7.0, STM32Cube_FW_WB_V1.23.0, STM32Cube_FW_WL3_V1.2.0, STM32Cube_FW_WL_V1.3.1, X-CUBE-ALGOBUILD_V1.4.0, X-CUBE-ALS_V1.0.2, X-CUBE-AZRTOS-F4_V1.1.0, X-CUBE-AZRTOS-F7_V1.1.0, X-CUBE-AZRTOS-G0_V1.1.0, X-CUBE-AZRTOS-G4_V2.0.0, X-CUBE-AZRTOS-H7RS_V1.1.0, X-CUBE-AZRTOS-H7_V3.4.0, X-CUBE-AZRTOS-L4_V2.0.0, X-CUBE-AZRTOS-L5_V2.0.0, X-CUBE-AZRTOS-WB_V2.0.0, X-CUBE-AZRTOS-WL_V2.0.0, X-CUBE-BLE1_V7.1.0, X-CUBE-BLE2_V3.3.0, X-CUBE-BLEMGR_V4.1.0, X-CUBE-EEPRMA1_V5.2.0, X-CUBE-FREERTOS_V1.3.1, X-CUBE-GNSS1_V6.0.0, X-CUBE-MEMS1_V11.3.0, X-CUBE-NFC4_V3.0.0, X-CUBE-NFC7_V2.0.0, X-CUBE-SFXS2LP1_V4.0.0, X-CUBE-ST67W61_V1.0.0, X-CUBE-SUBG2_V5.0.0, X-CUBE-TOF1_V3.4.3]
2025-10-03 13:37:50,119 [INFO] DbBoardsSqlite:226 - include board P-NUCLEO-WB55-NUCLEO as a kit item of type 'Nucleo-64'
2025-10-03 13:37:50,120 [INFO] DbBoardsSqlite:226 - include board P-NUCLEO-WB55-USBDONGLE as a kit item of type 'Nucleo USB Dongle'
2025-10-03 13:37:50,121 [INFO] DbBoardsSqlite:226 - include board STEVAL-IDP005V1 as a kit item of type 'Evaluation Board'
2025-10-03 13:37:50,123 [INFO] DbBoardsSqlite:226 - include board STEVAL-IDP005V2 as a kit item of type 'Evaluation Board'
2025-10-03 13:37:50,301 [INFO] ApiDb:240 - Found 880 in-development CPN: [B-G473E-ZEST1S, B-WB1M-WPAN1, B-WBA5M-WPAN, B-WL5M-SUBG1, NUCLEO-C031C6, NUCLEO-C051C8, NUCLEO-C071RB, NUCLEO-C092RC, NUCLEO-H503RB, NUCLEO-H533RE, NUCLEO-H563ZI, NUCLEO-H7S3L8, NUCLEO-N657X0-Q, NUCLEO-U031R8, NUCLEO-U083RC, NUCLEO-U385RG-Q, NUCLEO-U545RE-Q, NUCLEO-U5A5ZJ-Q, NUCLEO-WB05KZ, NUCLEO-WB07CC, NUCLEO-WB09KE, NUCLEO-WBA52CG, NUCLEO-WBA55CG, NUCLEO-WL33CC1, NUCLEO-WL33CC2, STEVAL-PROTEUS1, STEVAL-SMARTAG2, STEVAL-STWINBX1, STM320518-EVAL, STM32C0116-DK, STM32C011D6Y3TR, STM32C011D6Y6TR, STM32C011F4P3, STM32C011F4P6, STM32C011F4U3, STM32C011F4U6TR, STM32C011F6P3, STM32C011F6P6, STM32C011F6U3, STM32C011F6U6TR, STM32C011J4M3, STM32C011J4M6, STM32C011J6M3, STM32C011J6M6, STM32C0316-DK, STM32C031C4T3, STM32C031C4T6, STM32C031C4U3, STM32C031C4U6, STM32C031C6T3, STM32C031C6T6, STM32C031C6U3, STM32C031C6U6, STM32C031F4P3, STM32C031F4P6, STM32C031F6P3, STM32C031F6P6, STM32C031G4U3, STM32C031G4U6, STM32C031G6U3, STM32C031G6U6, STM32C031K4T3, STM32C031K4T6, STM32C031K4U3, STM32C031K4U6, STM32C031K6T3, STM32C031K6T6, STM32C031K6U3, STM32C031K6U6, STM32C051C6T6, STM32C051C6U6, STM32C051C8T6, STM32C051C8U6, STM32C051D8Y6TR, STM32C051F6P6, STM32C051F8P6, STM32C051G6U6, STM32C051G8U6, STM32C051K6T6, STM32C051K6U6, STM32C051K8T6, STM32C071C8T6, STM32C071C8T6N, STM32C071C8U6, STM32C071C8U6N, STM32C071CBT6, STM32C071CBT6N, STM32C071CBU6, STM32C071CBU6N, STM32C071F8P6, STM32C071F8P6N, STM32C071FBP6, STM32C071FBP6N, STM32C071FBY6TR, STM32C071G8U6, STM32C071G8U6N, STM32C071GBU6, STM32C071GBU6N, STM32C071K8T6, STM32C071K8T6N, STM32C071K8U6, STM32C071K8U6N, STM32C071KBT6, STM32C071KBT6N, STM32C071KBU6, STM32C071KBU6N, STM32C071R8T6, STM32C071R8T6N, STM32C071RBI6N, STM32C071RBT6, STM32C071RBT6N, STM32C091CBT6, STM32C091CBU6, STM32C091CCT6, STM32C091CCU6, STM32C091ECY6TR, STM32C091FBP6, STM32C091FCP6, STM32C091GBU6, STM32C091GCU6, STM32C091KBT6, STM32C091KBU6, STM32C091KCT6, STM32C091KCU6, STM32C091RBT6, STM32C091RCI6, STM32C091RCT6, STM32C092CBT6, STM32C092CBU6, STM32C092CCT6, STM32C092CCU6, STM32C092ECY6TR, STM32C092FBP6, STM32C092FCP6, STM32C092GBU6, STM32C092GCU6, STM32C092KBT6, STM32C092KBU6, STM32C092KCT6, STM32C092KCU6, STM32C092RBT6, STM32C092RCI6, STM32C092RCT6, STM32G071K8TXN, STM32G071K8UXN, STM32G081GBU6N, STM32G081KBT6N, STM32G081KBUXN, STM32G0B1CCT6N, STM32G0B1KCT6, STM32G0B1NEY6TR, STM32G0B1RCT6N, STM32G0C1CCT6, STM32G0C1CCT6N, STM32G0C1CCU6N, STM32G0C1CET6N, STM32G0C1CEU6N, STM32G0C1KCT6, STM32G0C1NEY6TR, STM32G0C1RCI6N, STM32G0C1RCT6N, STM32G0C1REI6N, STM32G0C1RET6N, STM32G0C1VCI6, STM32G0C1VEI6, STM32G411C6T3, STM32G411C6T6, STM32G411C6U3, STM32G411C6U6, STM32G411C8T3, STM32G411C8T6, STM32G411C8U3, STM32G411C8U6, STM32G411CBT3, STM32G411CBT6, STM32G411CBU3, STM32G411CBU6, STM32G411K6T3, STM32G411K6T6, STM32G411K6U3, STM32G411K6U6, STM32G411K8T3, STM32G411K8T6, STM32G411K8U3, STM32G411K8U6, STM32G411KBT3, STM32G411KBT6, STM32G411KBU3, STM32G411KBU6, STM32G411M6T3, STM32G411M6T6, STM32G411M8T3, STM32G411M8T6, STM32G411MBT3, STM32G411MBT6, STM32G411R6T3, STM32G411R6T6, STM32G411R8T3, STM32G411R8T6, STM32G411RBT3, STM32G411RBT6, STM32G414CBT3, STM32G414CBT6, STM32G414CBU3, STM32G414CBU6, STM32G414CCT3, STM32G414CCT6, STM32G414CCU3, STM32G414CCU6, STM32G414MBT3, STM32G414MBT6, STM32G414MCT3, STM32G414MCT6, STM32G414RBT3, STM32G414RBT6, STM32G414RCT3, STM32G414RCT6, STM32G414VBT3, STM32G414VBT6, STM32G414VCT3, STM32G414VCT6, STM32G431CBT3Z, STM32G431RBT3Z, STM32G471CCT6, STM32G471CCU6, STM32G471CET3, STM32G471CET6, STM32G471CEU3, STM32G471CEU6, STM32G471MCT6, STM32G471MET3, STM32G471MET6, STM32G471MEY6TR, STM32G471QCT6, STM32G471QET3, STM32G471RCT6, STM32G471RET3, STM32G471RET6, STM32G471VCH6, STM32G471VCI6, STM32G471VCT6, STM32G471VEH3, STM32G471VEH6, STM32G471VEI3, STM32G471VEI6, STM32G471VET3, STM32G471VET6, STM32G473QET3Z, STM32G473RET3Z, STM32G474CCT6, STM32G491RET3Z, STM32H503CBT6, STM32H503CBU6, STM32H503EBY6TR, STM32H503KBU6, STM32H503RBT6, STM32H523CCT6, STM32H523CCU6, STM32H523CET6, STM32H523CEU6, STM32H523HEY6TR, STM32H523RCT6, STM32H523RET6, STM32H523VCI6, STM32H523VCT6, STM32H523VEI6, STM32H523VET6, STM32H523ZCJ6, STM32H523ZCT6, STM32H523ZEJ6, STM32H523ZET6, STM32H533CET6, STM32H533CEU6, STM32H533HEY6TR, STM32H533RET6, STM32H533VEI6, STM32H533VET6, STM32H533ZEJ6, STM32H533ZET6, STM32H562AGI6, STM32H562AII6, STM32H562IGK6, STM32H562IGT6, STM32H562IIK6, STM32H562IIT6, STM32H562RGT6, STM32H562RGV6, STM32H562RIT6, STM32H562RIV6, STM32H562VGT6, STM32H562VIT6, STM32H562ZGT6, STM32H562ZIT6, STM32H563AGI6, STM32H563AII3Q, STM32H563AII6, STM32H563IGK6, STM32H563IGT6, STM32H563IIK3Q, STM32H563IIK6, STM32H563IIT3Q, STM32H563IIT6, STM32H563MIY3QTR, STM32H563RGT6, STM32H563RGV6, STM32H563RIT6, STM32H563RIV6, STM32H563VGT6, STM32H563VIT3Q, STM32H563VIT6, STM32H563ZGT6, STM32H563ZIT3Q, STM32H563ZIT6, STM32H573AII3Q, STM32H573AII6, STM32H573I-DK, STM32H573IIK3Q, STM32H573IIK6, STM32H573IIT3Q, STM32H573IIT6, STM32H573MIY3QTR, STM32H573RIT6, STM32H573RIV6, STM32H573VIT3Q, STM32H573VIT6, STM32H573ZIT3Q, STM32H573ZIT6, STM32H7R3A8I6, STM32H7R3I8K6, STM32H7R3I8T6, STM32H7R3L8H6, STM32H7R3L8H6H, STM32H7R3R8V6, STM32H7R3V8H6, STM32H7R3V8T6, STM32H7R3V8Y6TR, STM32H7R3Z8J6, STM32H7R3Z8T6, STM32H7R7A8I6, STM32H7R7I8K6, STM32H7R7I8T6, STM32H7R7L8H6, STM32H7R7L8H6H, STM32H7R7Z8J6, STM32H7S3A8I6, STM32H7S3I8K6, STM32H7S3I8T6, STM32H7S3L8H6, STM32H7S3L8H6H, STM32H7S3R8V6, STM32H7S3V8H6, STM32H7S3V8T6, STM32H7S3V8Y6TR, STM32H7S3Z8J6, STM32H7S3Z8T6, STM32H7S78-DK, STM32H7S7A8I6, STM32H7S7I8K6, STM32H7S7I8T6, STM32H7S7L8H6, STM32H7S7L8H6H, STM32H7S7Z8J6, STM32L4R5QGI6STR, STM32MP131AAE3, STM32MP131AAF3, STM32MP131AAG3, STM32MP131CAE3, STM32MP131CAF3, STM32MP131CAG3, STM32MP131DAE7, STM32MP131DAF7, STM32MP131DAG7, STM32MP131FAE7, STM32MP131FAF7, STM32MP131FAG7, STM32MP133AAE3, STM32MP133AAF3, STM32MP133AAG3, STM32MP133CAE3, STM32MP133CAF3, STM32MP133CAG3, STM32MP133DAE7, STM32MP133DAF7, STM32MP133DAG7, STM32MP133FAE7, STM32MP133FAF7, STM32MP133FAG7, STM32MP135AAE3, STM32MP135AAF3, STM32MP135AAG3, STM32MP135CAE3, STM32MP135CAF3, STM32MP135CAG3, STM32MP135DAE7, STM32MP135DAF7, STM32MP135DAG7, STM32MP135F-DK, STM32MP135FAE7, STM32MP135FAF7, STM32MP135FAF7T, STM32MP135FAF7U, STM32MP135FAG7, STM32MP211AAL3, STM32MP211AAM3, STM32MP211AAN3, STM32MP211AAO3, STM32MP211CAL3, STM32MP211CAM3, STM32MP211CAN3, STM32MP211CAO3, STM32MP211DAL3, STM32MP211DAM3, STM32MP211DAN3, STM32MP211DAO3, STM32MP211FAL3, STM32MP211FAM3, STM32MP211FAN3, STM32MP211FAO3, STM32MP213AAL3, STM32MP213AAM3, STM32MP213AAN3, STM32MP213AAO3, STM32MP213CAL3, STM32MP213CAM3, STM32MP213CAN3, STM32MP213CAO3, STM32MP213DAL3, STM32MP213DAM3, STM32MP213DAN3, STM32MP213DAO3, STM32MP213FAL3, STM32MP213FAM3, STM32MP213FAN3, STM32MP213FAO3, STM32MP215AAL3, STM32MP215AAM3, STM32MP215AAN3, STM32MP215AAO3, STM32MP215CAL3, STM32MP215CAM3, STM32MP215CAN3, STM32MP215CAO3, STM32MP215DAL3, STM32MP215DAM3, STM32MP215DAN3, STM32MP215DAO3, STM32MP215F-DK, STM32MP215FAL3, STM32MP215FAM3, STM32MP215FAN3, STM32MP215FAO3, STM32MP231AAJ3, STM32MP231AAK3, STM32MP231AAL3, STM32MP231CAJ3, STM32MP231CAK3, STM32MP231CAL3, STM32MP231DAJ3, STM32MP231DAK3, STM32MP231DAL3, STM32MP231FAJ3, STM32MP231FAK3, STM32MP231FAL3, STM32MP233AAJ3, STM32MP233AAK3, STM32MP233AAL3, STM32MP233CAJ3, STM32MP233CAK3, STM32MP233CAL3, STM32MP233DAJ3, STM32MP233DAK3, STM32MP233DAL3, STM32MP233FAJ3, STM32MP233FAK3, STM32MP233FAL3, STM32MP235AAJ3, STM32MP235AAK3, STM32MP235AAL3, STM32MP235CAJ3, STM32MP235CAK3, STM32MP235CAL3, STM32MP235DAJ3, STM32MP235DAK3, STM32MP235DAL3, STM32MP235FAJ3, STM32MP235FAK3, STM32MP235FAL3, STM32MP251AAI3, STM32MP251AAK3, STM32MP251AAL3, STM32MP251CAI3, STM32MP251CAK3, STM32MP251CAL3, STM32MP251DAI3, STM32MP251DAK3, STM32MP251DAL3, STM32MP251FAI3, STM32MP251FAK3, STM32MP251FAL3, STM32MP253AAI3, STM32MP253AAK3, STM32MP253AAL3, STM32MP253CAI3, STM32MP253CAK3, STM32MP253CAL3, STM32MP253DAI3, STM32MP253DAK3, STM32MP253DAL3, STM32MP253FAI3, STM32MP253FAK3, STM32MP253FAL3, STM32MP255AAI3, STM32MP255AAK3, STM32MP255AAL3, STM32MP255CAI3, STM32MP255CAK3, STM32MP255CAL3, STM32MP255DAI3, STM32MP255DAK3, STM32MP255DAL3, STM32MP255FAI3, STM32MP255FAK3, STM32MP255FAL3, STM32MP257AAI3, STM32MP257AAK3, STM32MP257AAL3, STM32MP257CAI3, STM32MP257CAK3, STM32MP257CAL3, STM32MP257DAI3, STM32MP257DAK3, STM32MP257DAL3, STM32MP257F-DK, STM32MP257F-EV1, STM32MP257FAI3, STM32MP257FAK3, STM32MP257FAL3, STM32N645A0H3Q, STM32N645B0H3Q, STM32N645I0H3Q, STM32N645L0H3Q, STM32N645X0H3Q, STM32N645Z0H3Q, STM32N647A0H3Q, STM32N647B0H3Q, STM32N647I0H3Q, STM32N647L0H3Q, STM32N647X0H3Q, STM32N647Z0H3Q, STM32N655A0H3Q, STM32N655B0H3Q, STM32N655I0H3Q, STM32N655L0H3Q, STM32N655X0H3Q, STM32N655Z0H3Q, STM32N6570-DK, STM32N657A0H3Q, STM32N657B0H3Q, STM32N657I0H3Q, STM32N657L0H3Q, STM32N657X0H3Q, STM32N657Z0H3Q, STM32U031C6T6, STM32U031C6U6, STM32U031C8T6, STM32U031C8U6, STM32U031F4P6, STM32U031F6P6, STM32U031F8P6, STM32U031G6Y6TR, STM32U031G8Y6TR, STM32U031K4U6, STM32U031K6U6, STM32U031K8U6, STM32U031R6I6, STM32U031R6T6, STM32U031R8I6, STM32U031R8T6, STM32U073C8T6, STM32U073C8U6, STM32U073CBT6, STM32U073CBU6, STM32U073CCT6, STM32U073CCU6, STM32U073H8Y6TR, STM32U073HBY6TR, STM32U073HCY6TR, STM32U073K8U6, STM32U073KBU6, STM32U073KCU6, STM32U073M8I6, STM32U073M8T6, STM32U073MBI6, STM32U073MBT6, STM32U073MCI6, STM32U073MCT6, STM32U073R8I6, STM32U073R8T6, STM32U073RBI6, STM32U073RBT6, STM32U073RCI6, STM32U073RCT6, STM32U083C-DK, STM32U083CCT6, STM32U083CCU6, STM32U083HCY6TR, STM32U083KCU6, STM32U083MCI6, STM32U083MCT6, STM32U083RCI6, STM32U083RCT6, STM32U375CET6, STM32U375CET6Q, STM32U375CEU6, STM32U375CEU6Q, STM32U375CEY6QTR, STM32U375CGT6, STM32U375CGT6Q, STM32U375CGU6, STM32U375CGU6Q, STM32U375CGY6QTR, STM32U375KEU6, STM32U375KGU6, STM32U375REI6, STM32U375REI6Q, STM32U375RET6, STM32U375RET6Q, STM32U375REY6GTR, STM32U375REY6QTR, STM32U375RGI6, STM32U375RGI6Q, STM32U375RGT6, STM32U375RGT6Q, STM32U375RGY6GTR, STM32U375RGY6QTR, STM32U375VEI6, STM32U375VEI6Q, STM32U375VET6, STM32U375VET6Q, STM32U375VGI6, STM32U375VGI6Q, STM32U375VGT6, STM32U375VGT6Q, STM32U385CGT6, STM32U385CGT6Q, STM32U385CGU6, STM32U385CGU6Q, STM32U385CGY6QTR, STM32U385KGU6, STM32U385RGI6, STM32U385RGI6Q, STM32U385RGT6, STM32U385RGT6Q, STM32U385RGY6GTR, STM32U385RGY6QTR, STM32U385VGI6, STM32U385VGI6Q, STM32U385VGT6, STM32U385VGT6Q, STM32U535CBT6, STM32U535CBT6Q, STM32U535CBU6, STM32U535CBU6Q, STM32U535CCT6, STM32U535CCT6Q, STM32U535CCU6, STM32U535CCU6Q, STM32U535CET6, STM32U535CET6Q, STM32U535CEU6, STM32U535CEU6Q, STM32U535JEY6QTR, STM32U535NCY6QTR, STM32U535NEY6QTR, STM32U535RBI6, STM32U535RBI6Q, STM32U535RBT6, STM32U535RBT6Q, STM32U535RCI6, STM32U535RCI6Q, STM32U535RCT6, STM32U535RCT6Q, STM32U535REI6, STM32U535REI6Q, STM32U535RET6, STM32U535RET6Q, STM32U535VCI6, STM32U535VCI6Q, STM32U535VCT6, STM32U535VCT6Q, STM32U535VEI6, STM32U535VEI6Q, STM32U535VET6, STM32U535VET6Q, STM32U545CET6, STM32U545CET6Q, STM32U545CEU6, STM32U545CEU6Q, STM32U545JEY6QTR, STM32U545NEY6QTR, STM32U545REI6, STM32U545REI6Q, STM32U545RET6, STM32U545RET6Q, STM32U545VEI6, STM32U545VEI6Q, STM32U545VET6, STM32U545VET6Q, STM32U595AIH6, STM32U595AIH6Q, STM32U595AJH6, STM32U595AJH6Q, STM32U595QII6, STM32U595QII6Q, STM32U595QJI6, STM32U595QJI6Q, STM32U595RIT6, STM32U595RIT6Q, STM32U595RJT6, STM32U595RJT6Q, STM32U595VIT6, STM32U595VIT6Q, STM32U595VJT6, STM32U595VJT6Q, STM32U595ZIT6, STM32U595ZIT6Q, STM32U595ZIY6QTR, STM32U595ZJT6, STM32U595ZJT6Q, STM32U595ZJY6QTR, STM32U599BJY6QTR, STM32U599NIH6Q, STM32U599NJH6Q, STM32U599VIT6Q, STM32U599VJT6, STM32U599VJT6Q, STM32U599ZIT6Q, STM32U599ZIY6QTR, STM32U599ZJT6Q, STM32U599ZJY6QTR, STM32U5A5AJH6, STM32U5A5AJH6Q, STM32U5A5QII3Q , STM32U5A5QJI6, STM32U5A5QJI6Q, STM32U5A5RJT6, STM32U5A5RJT6Q, STM32U5A5VJT6, STM32U5A5VJT6Q, STM32U5A5ZJT6, STM32U5A5ZJT6Q, STM32U5A5ZJY6QTR, STM32U5A9BJY6QTR, STM32U5A9J-DK, STM32U5A9NJH6Q, STM32U5A9VJT6Q, STM32U5A9ZJT6Q, STM32U5A9ZJY6QTR, STM32U5F7VIT6, STM32U5F7VIT6Q, STM32U5F7VJT6, STM32U5F7VJT6Q, STM32U5F9BJY6QTR, STM32U5F9NJH6Q, STM32U5F9VIT6Q, STM32U5F9VJT6Q, STM32U5F9ZIJ6QTR, STM32U5F9ZIT6Q, STM32U5F9ZJJ6QTR, STM32U5F9ZJT6Q, STM32U5G7VJT6, STM32U5G7VJT6Q, STM32U5G9BJY6QTR, STM32U5G9J-DK1, STM32U5G9J-DK2, STM32U5G9NJH6Q, STM32U5G9VJT6Q, STM32U5G9ZJJ6QTR, STM32U5G9ZJT6Q, STM32WB05KZV6TR, STM32WB05KZV7TR, STM32WB05TZF6TR, STM32WB05TZF7TR, STM32WB06CCF6TR, STM32WB06CCF7TR, STM32WB06CCV6TR, STM32WB06CCV7TR, STM32WB06KCV6TR, STM32WB06KCV7TR, STM32WB07CCF6TR, STM32WB07CCF7TR, STM32WB07CCV6TR, STM32WB07CCV7TR, STM32WB07KCV6TR, STM32WB07KCV7TR, STM32WB09KEV6TR, STM32WB09KEV7TR, STM32WB09TEF6TR, STM32WB09TEF7TR, STM32WB1MMCH6, STM32WBA50KGU6, STM32WBA50KGU6TR, STM32WBA52CEU6, STM32WBA52CEU6TR, STM32WBA52CEU7, STM32WBA52CEU7TR, STM32WBA52CGU6, STM32WBA52CGU6TR, STM32WBA52CGU6U, STM32WBA52CGU7, STM32WBA52CGU7TR, STM32WBA52KEU6, STM32WBA52KEU6TR, STM32WBA52KGU6, STM32WBA52KGU6TR, STM32WBA54CEU6, STM32WBA54CEU6TR, STM32WBA54CEU7, STM32WBA54CEU7TR, STM32WBA54CGU6, STM32WBA54CGU6TR, STM32WBA54CGU7, STM32WBA54CGU7TR, STM32WBA54KEU6, STM32WBA54KEU6TR, STM32WBA54KEU7, STM32WBA54KEU7TR, STM32WBA54KGU6, STM32WBA54KGU6TR, STM32WBA54KGU7, STM32WBA54KGU7TR, STM32WBA55CEU6, STM32WBA55CEU6TR, STM32WBA55CEU7, STM32WBA55CEU7TR, STM32WBA55CGU6, STM32WBA55CGU6TR, STM32WBA55CGU6U, STM32WBA55CGU7, STM32WBA55CGU7TR, STM32WBA55G-DK1, STM32WBA55HEF6, STM32WBA55HEF7, STM32WBA55HGF6, STM32WBA55HGF7, STM32WBA55UEI6, STM32WBA55UEI6TR, STM32WBA55UEI7, STM32WBA55UEI7TR, STM32WBA55UGI6, STM32WBA55UGI6TR, STM32WBA55UGI7, STM32WBA55UGI7TR, STM32WBA5MMGH6TR, STM32WBA62MGF6, STM32WBA62MIF6, STM32WBA65MGF7, STM32WBA65MIF6, STM32WBA65MIF7, STM32WL30K8V6, STM32WL30KBV6, STM32WL31C8V6, STM32WL31CBV6, STM32WL31K8V6, STM32WL31KBV6, STM32WL33C8V6, STM32WL33C8V6X, STM32WL33CBV6, STM32WL33CBV6X, STM32WL33CCV6, STM32WL33CCV6A, STM32WL33CCV6X, STM32WL33K8V7, STM32WL33K8V7X, STM32WL33KBV7 , STM32WL33KBV7X, STM32WL33KCV7, STM32WL33KCV7X, STM32WL5MOCH6, STM32WL5MOCH6TR]
2025-10-03 13:37:50,780 [INFO] BoardInfo:889 - No configuration file found for board P-NUCLEO-WB55
2025-10-03 13:37:50,782 [INFO] DbBoards:161 - Kit is not supported: P-NUCLEO-WB55
2025-10-03 13:37:50,796 [INFO] BoardInfo:889 - No configuration file found for board STEVAL-BFA001V1B
2025-10-03 13:37:50,797 [INFO] DbBoards:161 - Kit is not supported: STEVAL-BFA001V1B
2025-10-03 13:37:50,800 [INFO] BoardInfo:889 - No configuration file found for board STEVAL-BFA001V2B
2025-10-03 13:37:50,801 [INFO] DbBoards:161 - Kit is not supported: STEVAL-BFA001V2B
2025-10-03 13:37:51,091 [INFO] DbBoards:168 - Found 212 boards, 209 are supported
2025-10-03 13:37:51,092 [INFO] DbBoards:169 - Found 212 boards, 43 of them is supported for  Bsp
2025-10-03 13:37:51,102 [INFO] ApiDb:668 - CubeFinder database Data Model version=2.1
2025-10-03 13:37:51,102 [INFO] ApiDb:669 - CubeFinder database Configuration version=3.0.39
2025-10-03 13:37:51,102 [INFO] ApiDb:670 - CubeFinder database generation date=2025-08-25 (1756130511)
2025-10-03 13:37:51,103 [INFO] ApiDb:671 - CubeFinder database FW Pack versions=[FP-ATR-ASTRA1_V2.0.0, FP-SNS-FLIGHT1_V5.1.0, FP-SNS-MOTENV1_V5.0.0, FP-SNS-MOTENVWB1_V1.4.0, FP-SNS-SMARTAG2_V1.2.0, FP-SNS-STBOX1_V2.1.0, STM32Cube_FW_C0_V1.4.0, STM32Cube_FW_F4_V1.28.3, STM32Cube_FW_F7_V1.17.4, STM32Cube_FW_G0_V1.6.2, STM32Cube_FW_G4_V1.6.1, STM32Cube_FW_H5_V1.5.0, STM32Cube_FW_H7RS_V1.2.0, STM32Cube_FW_H7_V1.12.1, STM32Cube_FW_L0_V1.12.2, STM32Cube_FW_L4_V1.18.1, STM32Cube_FW_L5_V1.5.1, STM32Cube_FW_N6_V1.2.0, STM32Cube_FW_U0_V1.3.0, STM32Cube_FW_U3_V1.2.0, STM32Cube_FW_U5_V1.8.0, STM32Cube_FW_WB0_V1.3.0, STM32Cube_FW_WBA_V1.7.0, STM32Cube_FW_WB_V1.23.0, STM32Cube_FW_WL3_V1.2.0, STM32Cube_FW_WL_V1.3.1, X-CUBE-ALGOBUILD_V1.4.0, X-CUBE-ALS_V1.0.2, X-CUBE-AZRTOS-F4_V1.1.0, X-CUBE-AZRTOS-F7_V1.1.0, X-CUBE-AZRTOS-G0_V1.1.0, X-CUBE-AZRTOS-G4_V2.0.0, X-CUBE-AZRTOS-H7RS_V1.1.0, X-CUBE-AZRTOS-H7_V3.4.0, X-CUBE-AZRTOS-L4_V2.0.0, X-CUBE-AZRTOS-L5_V2.0.0, X-CUBE-AZRTOS-WB_V2.0.0, X-CUBE-AZRTOS-WL_V2.0.0, X-CUBE-BLE1_V7.1.0, X-CUBE-BLE2_V3.3.0, X-CUBE-BLEMGR_V4.1.0, X-CUBE-EEPRMA1_V5.2.0, X-CUBE-FREERTOS_V1.3.1, X-CUBE-GNSS1_V6.0.0, X-CUBE-MEMS1_V11.3.0, X-CUBE-NFC4_V3.0.0, X-CUBE-NFC7_V2.0.0, X-CUBE-SFXS2LP1_V4.0.0, X-CUBE-ST67W61_V1.0.0, X-CUBE-SUBG2_V5.0.0, X-CUBE-TOF1_V3.4.3]
2025-10-03 13:37:58,227 [INFO] ApiDb:240 - Found 880 in-development CPN: [B-G473E-ZEST1S, B-WB1M-WPAN1, B-WBA5M-WPAN, B-WL5M-SUBG1, NUCLEO-C031C6, NUCLEO-C051C8, NUCLEO-C071RB, NUCLEO-C092RC, NUCLEO-H503RB, NUCLEO-H533RE, NUCLEO-H563ZI, NUCLEO-H7S3L8, NUCLEO-N657X0-Q, NUCLEO-U031R8, NUCLEO-U083RC, NUCLEO-U385RG-Q, NUCLEO-U545RE-Q, NUCLEO-U5A5ZJ-Q, NUCLEO-WB05KZ, NUCLEO-WB07CC, NUCLEO-WB09KE, NUCLEO-WBA52CG, NUCLEO-WBA55CG, NUCLEO-WL33CC1, NUCLEO-WL33CC2, STEVAL-PROTEUS1, STEVAL-SMARTAG2, STEVAL-STWINBX1, STM320518-EVAL, STM32C0116-DK, STM32C011D6Y3TR, STM32C011D6Y6TR, STM32C011F4P3, STM32C011F4P6, STM32C011F4U3, STM32C011F4U6TR, STM32C011F6P3, STM32C011F6P6, STM32C011F6U3, STM32C011F6U6TR, STM32C011J4M3, STM32C011J4M6, STM32C011J6M3, STM32C011J6M6, STM32C0316-DK, STM32C031C4T3, STM32C031C4T6, STM32C031C4U3, STM32C031C4U6, STM32C031C6T3, STM32C031C6T6, STM32C031C6U3, STM32C031C6U6, STM32C031F4P3, STM32C031F4P6, STM32C031F6P3, STM32C031F6P6, STM32C031G4U3, STM32C031G4U6, STM32C031G6U3, STM32C031G6U6, STM32C031K4T3, STM32C031K4T6, STM32C031K4U3, STM32C031K4U6, STM32C031K6T3, STM32C031K6T6, STM32C031K6U3, STM32C031K6U6, STM32C051C6T6, STM32C051C6U6, STM32C051C8T6, STM32C051C8U6, STM32C051D8Y6TR, STM32C051F6P6, STM32C051F8P6, STM32C051G6U6, STM32C051G8U6, STM32C051K6T6, STM32C051K6U6, STM32C051K8T6, STM32C071C8T6, STM32C071C8T6N, STM32C071C8U6, STM32C071C8U6N, STM32C071CBT6, STM32C071CBT6N, STM32C071CBU6, STM32C071CBU6N, STM32C071F8P6, STM32C071F8P6N, STM32C071FBP6, STM32C071FBP6N, STM32C071FBY6TR, STM32C071G8U6, STM32C071G8U6N, STM32C071GBU6, STM32C071GBU6N, STM32C071K8T6, STM32C071K8T6N, STM32C071K8U6, STM32C071K8U6N, STM32C071KBT6, STM32C071KBT6N, STM32C071KBU6, STM32C071KBU6N, STM32C071R8T6, STM32C071R8T6N, STM32C071RBI6N, STM32C071RBT6, STM32C071RBT6N, STM32C091CBT6, STM32C091CBU6, STM32C091CCT6, STM32C091CCU6, STM32C091ECY6TR, STM32C091FBP6, STM32C091FCP6, STM32C091GBU6, STM32C091GCU6, STM32C091KBT6, STM32C091KBU6, STM32C091KCT6, STM32C091KCU6, STM32C091RBT6, STM32C091RCI6, STM32C091RCT6, STM32C092CBT6, STM32C092CBU6, STM32C092CCT6, STM32C092CCU6, STM32C092ECY6TR, STM32C092FBP6, STM32C092FCP6, STM32C092GBU6, STM32C092GCU6, STM32C092KBT6, STM32C092KBU6, STM32C092KCT6, STM32C092KCU6, STM32C092RBT6, STM32C092RCI6, STM32C092RCT6, STM32G071K8TXN, STM32G071K8UXN, STM32G081GBU6N, STM32G081KBT6N, STM32G081KBUXN, STM32G0B1CCT6N, STM32G0B1KCT6, STM32G0B1NEY6TR, STM32G0B1RCT6N, STM32G0C1CCT6, STM32G0C1CCT6N, STM32G0C1CCU6N, STM32G0C1CET6N, STM32G0C1CEU6N, STM32G0C1KCT6, STM32G0C1NEY6TR, STM32G0C1RCI6N, STM32G0C1RCT6N, STM32G0C1REI6N, STM32G0C1RET6N, STM32G0C1VCI6, STM32G0C1VEI6, STM32G411C6T3, STM32G411C6T6, STM32G411C6U3, STM32G411C6U6, STM32G411C8T3, STM32G411C8T6, STM32G411C8U3, STM32G411C8U6, STM32G411CBT3, STM32G411CBT6, STM32G411CBU3, STM32G411CBU6, STM32G411K6T3, STM32G411K6T6, STM32G411K6U3, STM32G411K6U6, STM32G411K8T3, STM32G411K8T6, STM32G411K8U3, STM32G411K8U6, STM32G411KBT3, STM32G411KBT6, STM32G411KBU3, STM32G411KBU6, STM32G411M6T3, STM32G411M6T6, STM32G411M8T3, STM32G411M8T6, STM32G411MBT3, STM32G411MBT6, STM32G411R6T3, STM32G411R6T6, STM32G411R8T3, STM32G411R8T6, STM32G411RBT3, STM32G411RBT6, STM32G414CBT3, STM32G414CBT6, STM32G414CBU3, STM32G414CBU6, STM32G414CCT3, STM32G414CCT6, STM32G414CCU3, STM32G414CCU6, STM32G414MBT3, STM32G414MBT6, STM32G414MCT3, STM32G414MCT6, STM32G414RBT3, STM32G414RBT6, STM32G414RCT3, STM32G414RCT6, STM32G414VBT3, STM32G414VBT6, STM32G414VCT3, STM32G414VCT6, STM32G431CBT3Z, STM32G431RBT3Z, STM32G471CCT6, STM32G471CCU6, STM32G471CET3, STM32G471CET6, STM32G471CEU3, STM32G471CEU6, STM32G471MCT6, STM32G471MET3, STM32G471MET6, STM32G471MEY6TR, STM32G471QCT6, STM32G471QET3, STM32G471RCT6, STM32G471RET3, STM32G471RET6, STM32G471VCH6, STM32G471VCI6, STM32G471VCT6, STM32G471VEH3, STM32G471VEH6, STM32G471VEI3, STM32G471VEI6, STM32G471VET3, STM32G471VET6, STM32G473QET3Z, STM32G473RET3Z, STM32G474CCT6, STM32G491RET3Z, STM32H503CBT6, STM32H503CBU6, STM32H503EBY6TR, STM32H503KBU6, STM32H503RBT6, STM32H523CCT6, STM32H523CCU6, STM32H523CET6, STM32H523CEU6, STM32H523HEY6TR, STM32H523RCT6, STM32H523RET6, STM32H523VCI6, STM32H523VCT6, STM32H523VEI6, STM32H523VET6, STM32H523ZCJ6, STM32H523ZCT6, STM32H523ZEJ6, STM32H523ZET6, STM32H533CET6, STM32H533CEU6, STM32H533HEY6TR, STM32H533RET6, STM32H533VEI6, STM32H533VET6, STM32H533ZEJ6, STM32H533ZET6, STM32H562AGI6, STM32H562AII6, STM32H562IGK6, STM32H562IGT6, STM32H562IIK6, STM32H562IIT6, STM32H562RGT6, STM32H562RGV6, STM32H562RIT6, STM32H562RIV6, STM32H562VGT6, STM32H562VIT6, STM32H562ZGT6, STM32H562ZIT6, STM32H563AGI6, STM32H563AII3Q, STM32H563AII6, STM32H563IGK6, STM32H563IGT6, STM32H563IIK3Q, STM32H563IIK6, STM32H563IIT3Q, STM32H563IIT6, STM32H563MIY3QTR, STM32H563RGT6, STM32H563RGV6, STM32H563RIT6, STM32H563RIV6, STM32H563VGT6, STM32H563VIT3Q, STM32H563VIT6, STM32H563ZGT6, STM32H563ZIT3Q, STM32H563ZIT6, STM32H573AII3Q, STM32H573AII6, STM32H573I-DK, STM32H573IIK3Q, STM32H573IIK6, STM32H573IIT3Q, STM32H573IIT6, STM32H573MIY3QTR, STM32H573RIT6, STM32H573RIV6, STM32H573VIT3Q, STM32H573VIT6, STM32H573ZIT3Q, STM32H573ZIT6, STM32H7R3A8I6, STM32H7R3I8K6, STM32H7R3I8T6, STM32H7R3L8H6, STM32H7R3L8H6H, STM32H7R3R8V6, STM32H7R3V8H6, STM32H7R3V8T6, STM32H7R3V8Y6TR, STM32H7R3Z8J6, STM32H7R3Z8T6, STM32H7R7A8I6, STM32H7R7I8K6, STM32H7R7I8T6, STM32H7R7L8H6, STM32H7R7L8H6H, STM32H7R7Z8J6, STM32H7S3A8I6, STM32H7S3I8K6, STM32H7S3I8T6, STM32H7S3L8H6, STM32H7S3L8H6H, STM32H7S3R8V6, STM32H7S3V8H6, STM32H7S3V8T6, STM32H7S3V8Y6TR, STM32H7S3Z8J6, STM32H7S3Z8T6, STM32H7S78-DK, STM32H7S7A8I6, STM32H7S7I8K6, STM32H7S7I8T6, STM32H7S7L8H6, STM32H7S7L8H6H, STM32H7S7Z8J6, STM32L4R5QGI6STR, STM32MP131AAE3, STM32MP131AAF3, STM32MP131AAG3, STM32MP131CAE3, STM32MP131CAF3, STM32MP131CAG3, STM32MP131DAE7, STM32MP131DAF7, STM32MP131DAG7, STM32MP131FAE7, STM32MP131FAF7, STM32MP131FAG7, STM32MP133AAE3, STM32MP133AAF3, STM32MP133AAG3, STM32MP133CAE3, STM32MP133CAF3, STM32MP133CAG3, STM32MP133DAE7, STM32MP133DAF7, STM32MP133DAG7, STM32MP133FAE7, STM32MP133FAF7, STM32MP133FAG7, STM32MP135AAE3, STM32MP135AAF3, STM32MP135AAG3, STM32MP135CAE3, STM32MP135CAF3, STM32MP135CAG3, STM32MP135DAE7, STM32MP135DAF7, STM32MP135DAG7, STM32MP135F-DK, STM32MP135FAE7, STM32MP135FAF7, STM32MP135FAF7T, STM32MP135FAF7U, STM32MP135FAG7, STM32MP211AAL3, STM32MP211AAM3, STM32MP211AAN3, STM32MP211AAO3, STM32MP211CAL3, STM32MP211CAM3, STM32MP211CAN3, STM32MP211CAO3, STM32MP211DAL3, STM32MP211DAM3, STM32MP211DAN3, STM32MP211DAO3, STM32MP211FAL3, STM32MP211FAM3, STM32MP211FAN3, STM32MP211FAO3, STM32MP213AAL3, STM32MP213AAM3, STM32MP213AAN3, STM32MP213AAO3, STM32MP213CAL3, STM32MP213CAM3, STM32MP213CAN3, STM32MP213CAO3, STM32MP213DAL3, STM32MP213DAM3, STM32MP213DAN3, STM32MP213DAO3, STM32MP213FAL3, STM32MP213FAM3, STM32MP213FAN3, STM32MP213FAO3, STM32MP215AAL3, STM32MP215AAM3, STM32MP215AAN3, STM32MP215AAO3, STM32MP215CAL3, STM32MP215CAM3, STM32MP215CAN3, STM32MP215CAO3, STM32MP215DAL3, STM32MP215DAM3, STM32MP215DAN3, STM32MP215DAO3, STM32MP215F-DK, STM32MP215FAL3, STM32MP215FAM3, STM32MP215FAN3, STM32MP215FAO3, STM32MP231AAJ3, STM32MP231AAK3, STM32MP231AAL3, STM32MP231CAJ3, STM32MP231CAK3, STM32MP231CAL3, STM32MP231DAJ3, STM32MP231DAK3, STM32MP231DAL3, STM32MP231FAJ3, STM32MP231FAK3, STM32MP231FAL3, STM32MP233AAJ3, STM32MP233AAK3, STM32MP233AAL3, STM32MP233CAJ3, STM32MP233CAK3, STM32MP233CAL3, STM32MP233DAJ3, STM32MP233DAK3, STM32MP233DAL3, STM32MP233FAJ3, STM32MP233FAK3, STM32MP233FAL3, STM32MP235AAJ3, STM32MP235AAK3, STM32MP235AAL3, STM32MP235CAJ3, STM32MP235CAK3, STM32MP235CAL3, STM32MP235DAJ3, STM32MP235DAK3, STM32MP235DAL3, STM32MP235FAJ3, STM32MP235FAK3, STM32MP235FAL3, STM32MP251AAI3, STM32MP251AAK3, STM32MP251AAL3, STM32MP251CAI3, STM32MP251CAK3, STM32MP251CAL3, STM32MP251DAI3, STM32MP251DAK3, STM32MP251DAL3, STM32MP251FAI3, STM32MP251FAK3, STM32MP251FAL3, STM32MP253AAI3, STM32MP253AAK3, STM32MP253AAL3, STM32MP253CAI3, STM32MP253CAK3, STM32MP253CAL3, STM32MP253DAI3, STM32MP253DAK3, STM32MP253DAL3, STM32MP253FAI3, STM32MP253FAK3, STM32MP253FAL3, STM32MP255AAI3, STM32MP255AAK3, STM32MP255AAL3, STM32MP255CAI3, STM32MP255CAK3, STM32MP255CAL3, STM32MP255DAI3, STM32MP255DAK3, STM32MP255DAL3, STM32MP255FAI3, STM32MP255FAK3, STM32MP255FAL3, STM32MP257AAI3, STM32MP257AAK3, STM32MP257AAL3, STM32MP257CAI3, STM32MP257CAK3, STM32MP257CAL3, STM32MP257DAI3, STM32MP257DAK3, STM32MP257DAL3, STM32MP257F-DK, STM32MP257F-EV1, STM32MP257FAI3, STM32MP257FAK3, STM32MP257FAL3, STM32N645A0H3Q, STM32N645B0H3Q, STM32N645I0H3Q, STM32N645L0H3Q, STM32N645X0H3Q, STM32N645Z0H3Q, STM32N647A0H3Q, STM32N647B0H3Q, STM32N647I0H3Q, STM32N647L0H3Q, STM32N647X0H3Q, STM32N647Z0H3Q, STM32N655A0H3Q, STM32N655B0H3Q, STM32N655I0H3Q, STM32N655L0H3Q, STM32N655X0H3Q, STM32N655Z0H3Q, STM32N6570-DK, STM32N657A0H3Q, STM32N657B0H3Q, STM32N657I0H3Q, STM32N657L0H3Q, STM32N657X0H3Q, STM32N657Z0H3Q, STM32U031C6T6, STM32U031C6U6, STM32U031C8T6, STM32U031C8U6, STM32U031F4P6, STM32U031F6P6, STM32U031F8P6, STM32U031G6Y6TR, STM32U031G8Y6TR, STM32U031K4U6, STM32U031K6U6, STM32U031K8U6, STM32U031R6I6, STM32U031R6T6, STM32U031R8I6, STM32U031R8T6, STM32U073C8T6, STM32U073C8U6, STM32U073CBT6, STM32U073CBU6, STM32U073CCT6, STM32U073CCU6, STM32U073H8Y6TR, STM32U073HBY6TR, STM32U073HCY6TR, STM32U073K8U6, STM32U073KBU6, STM32U073KCU6, STM32U073M8I6, STM32U073M8T6, STM32U073MBI6, STM32U073MBT6, STM32U073MCI6, STM32U073MCT6, STM32U073R8I6, STM32U073R8T6, STM32U073RBI6, STM32U073RBT6, STM32U073RCI6, STM32U073RCT6, STM32U083C-DK, STM32U083CCT6, STM32U083CCU6, STM32U083HCY6TR, STM32U083KCU6, STM32U083MCI6, STM32U083MCT6, STM32U083RCI6, STM32U083RCT6, STM32U375CET6, STM32U375CET6Q, STM32U375CEU6, STM32U375CEU6Q, STM32U375CEY6QTR, STM32U375CGT6, STM32U375CGT6Q, STM32U375CGU6, STM32U375CGU6Q, STM32U375CGY6QTR, STM32U375KEU6, STM32U375KGU6, STM32U375REI6, STM32U375REI6Q, STM32U375RET6, STM32U375RET6Q, STM32U375REY6GTR, STM32U375REY6QTR, STM32U375RGI6, STM32U375RGI6Q, STM32U375RGT6, STM32U375RGT6Q, STM32U375RGY6GTR, STM32U375RGY6QTR, STM32U375VEI6, STM32U375VEI6Q, STM32U375VET6, STM32U375VET6Q, STM32U375VGI6, STM32U375VGI6Q, STM32U375VGT6, STM32U375VGT6Q, STM32U385CGT6, STM32U385CGT6Q, STM32U385CGU6, STM32U385CGU6Q, STM32U385CGY6QTR, STM32U385KGU6, STM32U385RGI6, STM32U385RGI6Q, STM32U385RGT6, STM32U385RGT6Q, STM32U385RGY6GTR, STM32U385RGY6QTR, STM32U385VGI6, STM32U385VGI6Q, STM32U385VGT6, STM32U385VGT6Q, STM32U535CBT6, STM32U535CBT6Q, STM32U535CBU6, STM32U535CBU6Q, STM32U535CCT6, STM32U535CCT6Q, STM32U535CCU6, STM32U535CCU6Q, STM32U535CET6, STM32U535CET6Q, STM32U535CEU6, STM32U535CEU6Q, STM32U535JEY6QTR, STM32U535NCY6QTR, STM32U535NEY6QTR, STM32U535RBI6, STM32U535RBI6Q, STM32U535RBT6, STM32U535RBT6Q, STM32U535RCI6, STM32U535RCI6Q, STM32U535RCT6, STM32U535RCT6Q, STM32U535REI6, STM32U535REI6Q, STM32U535RET6, STM32U535RET6Q, STM32U535VCI6, STM32U535VCI6Q, STM32U535VCT6, STM32U535VCT6Q, STM32U535VEI6, STM32U535VEI6Q, STM32U535VET6, STM32U535VET6Q, STM32U545CET6, STM32U545CET6Q, STM32U545CEU6, STM32U545CEU6Q, STM32U545JEY6QTR, STM32U545NEY6QTR, STM32U545REI6, STM32U545REI6Q, STM32U545RET6, STM32U545RET6Q, STM32U545VEI6, STM32U545VEI6Q, STM32U545VET6, STM32U545VET6Q, STM32U595AIH6, STM32U595AIH6Q, STM32U595AJH6, STM32U595AJH6Q, STM32U595QII6, STM32U595QII6Q, STM32U595QJI6, STM32U595QJI6Q, STM32U595RIT6, STM32U595RIT6Q, STM32U595RJT6, STM32U595RJT6Q, STM32U595VIT6, STM32U595VIT6Q, STM32U595VJT6, STM32U595VJT6Q, STM32U595ZIT6, STM32U595ZIT6Q, STM32U595ZIY6QTR, STM32U595ZJT6, STM32U595ZJT6Q, STM32U595ZJY6QTR, STM32U599BJY6QTR, STM32U599NIH6Q, STM32U599NJH6Q, STM32U599VIT6Q, STM32U599VJT6, STM32U599VJT6Q, STM32U599ZIT6Q, STM32U599ZIY6QTR, STM32U599ZJT6Q, STM32U599ZJY6QTR, STM32U5A5AJH6, STM32U5A5AJH6Q, STM32U5A5QII3Q , STM32U5A5QJI6, STM32U5A5QJI6Q, STM32U5A5RJT6, STM32U5A5RJT6Q, STM32U5A5VJT6, STM32U5A5VJT6Q, STM32U5A5ZJT6, STM32U5A5ZJT6Q, STM32U5A5ZJY6QTR, STM32U5A9BJY6QTR, STM32U5A9J-DK, STM32U5A9NJH6Q, STM32U5A9VJT6Q, STM32U5A9ZJT6Q, STM32U5A9ZJY6QTR, STM32U5F7VIT6, STM32U5F7VIT6Q, STM32U5F7VJT6, STM32U5F7VJT6Q, STM32U5F9BJY6QTR, STM32U5F9NJH6Q, STM32U5F9VIT6Q, STM32U5F9VJT6Q, STM32U5F9ZIJ6QTR, STM32U5F9ZIT6Q, STM32U5F9ZJJ6QTR, STM32U5F9ZJT6Q, STM32U5G7VJT6, STM32U5G7VJT6Q, STM32U5G9BJY6QTR, STM32U5G9J-DK1, STM32U5G9J-DK2, STM32U5G9NJH6Q, STM32U5G9VJT6Q, STM32U5G9ZJJ6QTR, STM32U5G9ZJT6Q, STM32WB05KZV6TR, STM32WB05KZV7TR, STM32WB05TZF6TR, STM32WB05TZF7TR, STM32WB06CCF6TR, STM32WB06CCF7TR, STM32WB06CCV6TR, STM32WB06CCV7TR, STM32WB06KCV6TR, STM32WB06KCV7TR, STM32WB07CCF6TR, STM32WB07CCF7TR, STM32WB07CCV6TR, STM32WB07CCV7TR, STM32WB07KCV6TR, STM32WB07KCV7TR, STM32WB09KEV6TR, STM32WB09KEV7TR, STM32WB09TEF6TR, STM32WB09TEF7TR, STM32WB1MMCH6, STM32WBA50KGU6, STM32WBA50KGU6TR, STM32WBA52CEU6, STM32WBA52CEU6TR, STM32WBA52CEU7, STM32WBA52CEU7TR, STM32WBA52CGU6, STM32WBA52CGU6TR, STM32WBA52CGU6U, STM32WBA52CGU7, STM32WBA52CGU7TR, STM32WBA52KEU6, STM32WBA52KEU6TR, STM32WBA52KGU6, STM32WBA52KGU6TR, STM32WBA54CEU6, STM32WBA54CEU6TR, STM32WBA54CEU7, STM32WBA54CEU7TR, STM32WBA54CGU6, STM32WBA54CGU6TR, STM32WBA54CGU7, STM32WBA54CGU7TR, STM32WBA54KEU6, STM32WBA54KEU6TR, STM32WBA54KEU7, STM32WBA54KEU7TR, STM32WBA54KGU6, STM32WBA54KGU6TR, STM32WBA54KGU7, STM32WBA54KGU7TR, STM32WBA55CEU6, STM32WBA55CEU6TR, STM32WBA55CEU7, STM32WBA55CEU7TR, STM32WBA55CGU6, STM32WBA55CGU6TR, STM32WBA55CGU6U, STM32WBA55CGU7, STM32WBA55CGU7TR, STM32WBA55G-DK1, STM32WBA55HEF6, STM32WBA55HEF7, STM32WBA55HGF6, STM32WBA55HGF7, STM32WBA55UEI6, STM32WBA55UEI6TR, STM32WBA55UEI7, STM32WBA55UEI7TR, STM32WBA55UGI6, STM32WBA55UGI6TR, STM32WBA55UGI7, STM32WBA55UGI7TR, STM32WBA5MMGH6TR, STM32WBA62MGF6, STM32WBA62MIF6, STM32WBA65MGF7, STM32WBA65MIF6, STM32WBA65MIF7, STM32WL30K8V6, STM32WL30KBV6, STM32WL31C8V6, STM32WL31CBV6, STM32WL31K8V6, STM32WL31KBV6, STM32WL33C8V6, STM32WL33C8V6X, STM32WL33CBV6, STM32WL33CBV6X, STM32WL33CCV6, STM32WL33CCV6A, STM32WL33CCV6X, STM32WL33K8V7, STM32WL33K8V7X, STM32WL33KBV7 , STM32WL33KBV7X, STM32WL33KCV7, STM32WL33KCV7X, STM32WL5MOCH6, STM32WL5MOCH6TR]
2025-10-03 13:37:58,247 [INFO] DbMcus:218 - Found 4801 MCUs, 4801 are supported
2025-10-03 13:37:58,251 [INFO] ApiDb:423 - Load user favorites file /home/spy/.stm32cubeide/favorites.mcus.txt: 0 item(s)
2025-10-03 13:37:58,252 [INFO] ApiDb:427 - User favorites MCUs=[]
2025-10-03 13:37:58,253 [INFO] DbMcus:224 - Set 0 / 0 favorites MCUs
2025-10-03 13:38:00,560 [INFO] ApiDb:423 - Load user favorites file /home/spy/.stm32cubeide/favorites.boards.txt: 1 item(s)
2025-10-03 13:38:00,561 [INFO] ApiDb:427 - User favorites Boards=[NUCLEO-L433RC-P]
2025-10-03 13:38:00,563 [INFO] DbBoards:198 - Set 1 / 1 favorites Boards
2025-10-03 13:38:00,653 [INFO] UtilMem:75 - End LoadConfig() Used Memory: 341799368 Bytes (541065216)
2025-10-03 13:38:01,236 [WARN] ThirdParty:833 - waiting for thirdparty lock release [change project]
2025-10-03 13:38:01,237 [INFO] ThirdParty:835 - entering critical section [change project]
2025-10-03 13:38:01,239 [INFO] ThirdParty:1030 - CMSIS Pack Vendor :STMicroelectronics X-CUBE-PM33A1 1.0.0
2025-10-03 13:38:01,240 [INFO] ThirdParty:1030 - CMSIS Pack Vendor :STMicroelectronics USBPD 4.1
2025-10-03 13:38:01,240 [INFO] ThirdParty:1030 - CMSIS Pack Vendor :STMicroelectronics X-CUBE-NFC9 1.0.0
2025-10-03 13:38:01,240 [INFO] ThirdParty:1030 - CMSIS Pack Vendor :STMicroelectronics USB_HOST 2.0.0
2025-10-03 13:38:01,240 [INFO] ThirdParty:1030 - CMSIS Pack Vendor :STMicroelectronics FP-SNS-MOTENVWB1 1.4.0
2025-10-03 13:38:01,240 [INFO] ThirdParty:1030 - CMSIS Pack Vendor :STMicroelectronics X-CUBE-AZRTOS-F4 1.1.0
2025-10-03 13:38:01,240 [INFO] ThirdParty:1030 - CMSIS Pack Vendor :STMicroelectronics LIBJPEG 8.0.0
2025-10-03 13:38:01,240 [INFO] ThirdParty:1030 - CMSIS Pack Vendor :STMicroelectronics FP-ATR-ASTRA1 2.0.2
2025-10-03 13:38:01,240 [INFO] ThirdParty:1030 - CMSIS Pack Vendor :wolfSSL I-CUBE-wolfSSL 5.8.2
2025-10-03 13:38:01,240 [INFO] ThirdParty:1030 - CMSIS Pack Vendor :STMicroelectronics X-CUBE-BLE1 7.1.0
2025-10-03 13:38:01,240 [INFO] ThirdParty:1030 - CMSIS Pack Vendor :Avnet-IotConnect X-CUBE-IoTC-DA16k-PMOD 1.0.0
2025-10-03 13:38:01,241 [INFO] ThirdParty:1030 - CMSIS Pack Vendor :STMicroelectronics X-CUBE-SMBUS 2.1.0
2025-10-03 13:38:01,241 [INFO] ThirdParty:1030 - CMSIS Pack Vendor :wolfSSL I-CUBE-wolfMQTT 1.19.2
2025-10-03 13:38:01,241 [INFO] ThirdParty:1030 - CMSIS Pack Vendor :STMicroelectronics USB_DEVICE 3.0.0
2025-10-03 13:38:01,241 [INFO] ThirdParty:1030 - CMSIS Pack Vendor :STMicroelectronics X-CUBE-ISPU 2.1.0
2025-10-03 13:38:01,241 [INFO] ThirdParty:1030 - CMSIS Pack Vendor :STMicroelectronics X-CUBE-EEPRMA1 5.2.0
2025-10-03 13:38:01,241 [INFO] ThirdParty:1030 - CMSIS Pack Vendor :STMicroelectronics X-CUBE-BLEMGR 4.1.0
2025-10-03 13:38:01,241 [INFO] ThirdParty:1030 - CMSIS Pack Vendor :STMicroelectronics X-CUBE-AZRTOS-WB 2.0.0
2025-10-03 13:38:01,241 [INFO] ThirdParty:1030 - CMSIS Pack Vendor :STMicroelectronics X-CUBE-ST60 1.0.0
2025-10-03 13:38:01,241 [INFO] ThirdParty:1030 - CMSIS Pack Vendor :STMicroelectronics X-CUBE-GNSS1 7.0.1
2025-10-03 13:38:01,241 [INFO] ThirdParty:1030 - CMSIS Pack Vendor :STMicroelectronics X-CUBE-NFC12 1.0.0
2025-10-03 13:38:01,241 [INFO] ThirdParty:1030 - CMSIS Pack Vendor :STMicroelectronics X-CUBE-AZRTOS-F7 1.1.0
2025-10-03 13:38:01,241 [INFO] ThirdParty:1030 - CMSIS Pack Vendor :STMicroelectronics X-CUBE-AZRTOS-L5 2.0.0
2025-10-03 13:38:01,242 [INFO] ThirdParty:1030 - CMSIS Pack Vendor :STMicroelectronics X-CUBE-TOUCHGFX 4.25.0
2025-10-03 13:38:01,242 [INFO] ThirdParty:1030 - CMSIS Pack Vendor :STMicroelectronics USB_DEVICE 2.0.0
2025-10-03 13:38:01,242 [INFO] ThirdParty:1030 - CMSIS Pack Vendor :STMicroelectronics X-CUBE-NFC6 3.1.0
2025-10-03 13:38:01,242 [INFO] ThirdParty:1030 - CMSIS Pack Vendor :quantropi X-CUBE-qispace-sdk-base 2.1.0
2025-10-03 13:38:01,242 [INFO] ThirdParty:1030 - CMSIS Pack Vendor :STMicroelectronics FreeRTOS 0.0.1
2025-10-03 13:38:01,243 [INFO] ThirdParty:1030 - CMSIS Pack Vendor :STMicroelectronics X-CUBE-AZRTOS-G0 1.1.0
2025-10-03 13:38:01,243 [INFO] ThirdParty:1030 - CMSIS Pack Vendor :STMicroelectronics X-CUBE-SAFEA1 1.2.2
2025-10-03 13:38:01,244 [INFO] ThirdParty:1030 - CMSIS Pack Vendor :STMicroelectronics X-CUBE-NFC4 3.0.0
2025-10-03 13:38:01,244 [INFO] ThirdParty:1030 - CMSIS Pack Vendor :STMicroelectronics X-CUBE-SUBG2 5.0.0
2025-10-03 13:38:01,244 [INFO] ThirdParty:1030 - CMSIS Pack Vendor :STMicroelectronics X-CUBE-AZRTOS-H7RS 1.1.0
2025-10-03 13:38:01,244 [INFO] ThirdParty:1030 - CMSIS Pack Vendor :STMicroelectronics STM32_WPAN 1.0.0
2025-10-03 13:38:01,244 [INFO] ThirdParty:1030 - CMSIS Pack Vendor :EmbeddedOffice I-CUBE-FS-RTOS 1.0.1
2025-10-03 13:38:01,244 [INFO] ThirdParty:1030 - CMSIS Pack Vendor :STMicroelectronics lwIP 2.0.3
2025-10-03 13:38:01,244 [INFO] ThirdParty:1030 - CMSIS Pack Vendor :WES I-CUBE-Cesium 1.4.0
2025-10-03 13:38:01,244 [INFO] ThirdParty:1030 - CMSIS Pack Vendor :Cesanta I-CUBE-Mongoose 7.13.0
2025-10-03 13:38:01,244 [INFO] ThirdParty:1030 - CMSIS Pack Vendor :STMicroelectronics USB_HOST 1.0.0
2025-10-03 13:38:01,245 [INFO] ThirdParty:1030 - CMSIS Pack Vendor :Infineon AIROC-Wi-Fi-Bluetooth-STM32 1.7.1
2025-10-03 13:38:01,245 [INFO] ThirdParty:1030 - CMSIS Pack Vendor :STMicroelectronics X-CUBE-AZRTOS-G4 2.0.0
2025-10-03 13:38:01,245 [INFO] ThirdParty:1030 - CMSIS Pack Vendor :STMicroelectronics X-CUBE-WB05N 2.0.0
2025-10-03 13:38:01,245 [INFO] ThirdParty:1030 - CMSIS Pack Vendor :STMicroelectronics PDM2PCM 3.1.0
2025-10-03 13:38:01,245 [INFO] ThirdParty:1030 - CMSIS Pack Vendor :STMicroelectronics PDM2PCM 3.3.0
2025-10-03 13:38:01,245 [INFO] ThirdParty:1030 - CMSIS Pack Vendor :wolfSSL I-CUBE-wolfTPM 3.8.0
2025-10-03 13:38:01,245 [INFO] ThirdParty:1030 - CMSIS Pack Vendor :STMicroelectronics X-CUBE-AZRTOS-H7 3.4.0
2025-10-03 13:38:01,245 [INFO] ThirdParty:1030 - CMSIS Pack Vendor :STMicroelectronics X-CUBE-DISPLAY 3.0.0
2025-10-03 13:38:01,245 [INFO] ThirdParty:1030 - CMSIS Pack Vendor :wolfSSL I-CUBE-wolfSSH 1.4.20
2025-10-03 13:38:01,245 [INFO] ThirdParty:1030 - CMSIS Pack Vendor :STMicroelectronics X-CUBE-NFC7 2.0.0
2025-10-03 13:38:01,246 [INFO] ThirdParty:1030 - CMSIS Pack Vendor :STMicroelectronics X-CUBE-TCPP 4.2.0
2025-10-03 13:38:01,246 [INFO] ThirdParty:1030 - CMSIS Pack Vendor :RealThread X-CUBE-RT-Thread_Nano 4.1.1
2025-10-03 13:38:01,246 [INFO] ThirdParty:1030 - CMSIS Pack Vendor :STMicroelectronics FP-ATR-SIGFOX1 3.2.0
2025-10-03 13:38:01,246 [INFO] ThirdParty:1030 - CMSIS Pack Vendor :STMicroelectronics X-CUBE-NFC10 1.0.0
2025-10-03 13:38:01,246 [INFO] ThirdParty:1030 - CMSIS Pack Vendor :STMicroelectronics X-CUBE-FREERTOS 1.3.1
2025-10-03 13:38:01,246 [INFO] ThirdParty:1030 - CMSIS Pack Vendor :STMicroelectronics HAL Drivers 0.0.0
2025-10-03 13:38:01,246 [INFO] ThirdParty:1030 - CMSIS Pack Vendor :STMicroelectronics MBEDTLS 2.16.2
2025-10-03 13:38:01,246 [INFO] ThirdParty:1030 - CMSIS Pack Vendor :STMicroelectronics X-CUBE-IPS 3.1.0
2025-10-03 13:38:01,246 [INFO] ThirdParty:1030 - CMSIS Pack Vendor :STMicroelectronics X-CUBE-ALS 1.0.2
2025-10-03 13:38:01,246 [INFO] ThirdParty:1030 - CMSIS Pack Vendor :emotas I-CUBE-CANOPEN 1.3.0
2025-10-03 13:38:01,247 [INFO] ThirdParty:1030 - CMSIS Pack Vendor :STMicroelectronics MBEDTLS 2.14.1
2025-10-03 13:38:01,247 [INFO] ThirdParty:1030 - CMSIS Pack Vendor :ITTIA_DB I-CUBE-ITTIADB 8.9.0
2025-10-03 13:38:01,247 [INFO] ThirdParty:1030 - CMSIS Pack Vendor :STMicroelectronics X-CUBE-TOUCHGFX 4.26.0
2025-10-03 13:38:01,247 [INFO] ThirdParty:1030 - CMSIS Pack Vendor :STMicroelectronics X-CUBE-STSE01 1.0.0
2025-10-03 13:38:01,247 [INFO] ThirdParty:1030 - CMSIS Pack Vendor :STMicroelectronics X-CUBE-ST67W61 1.0.0
2025-10-03 13:38:01,247 [INFO] ThirdParty:1030 - CMSIS Pack Vendor :STMicroelectronics FP-SNS-STBOX1 2.1.0
2025-10-03 13:38:01,247 [INFO] ThirdParty:1030 - CMSIS Pack Vendor :STMicroelectronics X-CUBE-AI 10.2.0
2025-10-03 13:38:01,247 [INFO] ThirdParty:1030 - CMSIS Pack Vendor :STMicroelectronics FP-SNS-STAIOTCFT 1.0.0
2025-10-03 13:38:01,247 [INFO] ThirdParty:1030 - CMSIS Pack Vendor :STMicroelectronics ThreadX 1.0.0
2025-10-03 13:38:01,247 [INFO] ThirdParty:1030 - CMSIS Pack Vendor :STMicroelectronics FP-SNS-SMARTAG2 1.2.0
2025-10-03 13:38:01,247 [INFO] ThirdParty:1030 - CMSIS Pack Vendor :STMicroelectronics FP-SNS-FLIGHT1 5.1.0
2025-10-03 13:38:01,247 [INFO] ThirdParty:1030 - CMSIS Pack Vendor :STMicroelectronics X-CUBE-AZRTOS-WL 2.0.0
2025-10-03 13:38:01,248 [INFO] ThirdParty:1030 - CMSIS Pack Vendor :SEGGER I-CUBE-embOS 1.3.1
2025-10-03 13:38:01,248 [INFO] ThirdParty:1030 - CMSIS Pack Vendor :STMicroelectronics X-CUBE-ALGOBUILD 1.4.0
2025-10-03 13:38:01,248 [INFO] ThirdParty:1030 - CMSIS Pack Vendor :STMicroelectronics X-CUBE-DPower 1.3.0
2025-10-03 13:38:01,248 [INFO] ThirdParty:1030 - CMSIS Pack Vendor :STMicroelectronics X-CUBE-MEMS1 11.3.0
2025-10-03 13:38:01,248 [INFO] ThirdParty:1030 - CMSIS Pack Vendor :STMicroelectronics FP-SNS-MOTENV1 5.0.0
2025-10-03 13:38:01,248 [INFO] ThirdParty:1030 - CMSIS Pack Vendor :STMicroelectronics USB_DEVICE 1.0.0
2025-10-03 13:38:01,248 [INFO] ThirdParty:1030 - CMSIS Pack Vendor :STMicroelectronics X-CUBE-AZRTOS-L4 2.0.0
2025-10-03 13:38:01,248 [INFO] ThirdParty:1030 - CMSIS Pack Vendor :STMicroelectronics ThreadX 0.0.2
2025-10-03 13:38:01,248 [INFO] ThirdParty:1030 - CMSIS Pack Vendor :STMicroelectronics lwIP 2.1.2
2025-10-03 13:38:01,249 [INFO] ThirdParty:1030 - CMSIS Pack Vendor :STMicroelectronics X-CUBE-SFXS2LP1 4.0.0
2025-10-03 13:38:01,249 [INFO] ThirdParty:1030 - CMSIS Pack Vendor :STMicroelectronics X-CUBE-BLE2 3.3.0
2025-10-03 13:38:01,249 [INFO] ThirdParty:1030 - CMSIS Pack Vendor :STMicroelectronics X-CUBE-TOF1 3.4.3
2025-10-03 13:38:01,249 [INFO] ThirdParty:1030 - CMSIS Pack Vendor :STMicroelectronics PDM2PCM 3.2.0
2025-10-03 13:38:01,250 [INFO] ThirdParty:841 - exiting critical section [change project]
2025-10-03 13:38:02,785 [INFO] PinOutPanel:1589 - setPackage(No Configuration,No Configuration)
2025-10-03 13:38:02,792 [INFO] PinOutPanel:1589 - setPackage(STM32L433RCTxP,LQFP64)
2025-10-03 13:38:04,802 [INFO] UtilMem:75 - Before build in PCC Used Memory: 368976688 Bytes (636485632)
2025-10-03 13:38:06,718 [INFO] UtilMem:75 - After build in PCC Used Memory: 536363544 Bytes (636485632)
2025-10-03 13:38:06,833 [INFO] IPUIPlugin:80 - create IPUIPlugin
2025-10-03 13:38:06,834 [INFO] IPUIPlugin:80 - create IPUIPlugin
2025-10-03 13:38:06,834 [INFO] IPUIPlugin:80 - create IPUIPlugin
2025-10-03 13:38:06,835 [INFO] IPUIPlugin:80 - create IPUIPlugin
2025-10-03 13:38:06,836 [INFO] IPUIPlugin:80 - create IPUIPlugin
2025-10-03 13:38:06,837 [INFO] IPUIPlugin:80 - create IPUIPlugin
2025-10-03 13:38:06,838 [INFO] IPUIPlugin:80 - create IPUIPlugin
2025-10-03 13:38:06,838 [INFO] IPUIPlugin:80 - create IPUIPlugin
2025-10-03 13:38:06,838 [INFO] IPUIPlugin:80 - create IPUIPlugin
2025-10-03 13:38:06,839 [INFO] IPUIPlugin:80 - create IPUIPlugin
2025-10-03 13:38:06,839 [INFO] IPUIPlugin:80 - create IPUIPlugin
2025-10-03 13:38:06,839 [INFO] IPUIPlugin:80 - create IPUIPlugin
2025-10-03 13:38:06,839 [INFO] IPUIPlugin:80 - create IPUIPlugin
2025-10-03 13:38:06,840 [INFO] IPUIPlugin:80 - create IPUIPlugin
2025-10-03 13:38:06,840 [INFO] IPUIPlugin:80 - create IPUIPlugin
2025-10-03 13:38:06,841 [INFO] IPUIPlugin:80 - create IPUIPlugin
2025-10-03 13:38:06,841 [INFO] IPUIPlugin:80 - create IPUIPlugin
2025-10-03 13:38:06,842 [INFO] IPUIPlugin:80 - create IPUIPlugin
2025-10-03 13:38:06,843 [INFO] IPUIPlugin:80 - create IPUIPlugin
2025-10-03 13:38:06,843 [INFO] IPUIPlugin:80 - create IPUIPlugin
2025-10-03 13:38:06,844 [INFO] IPUIPlugin:80 - create IPUIPlugin
2025-10-03 13:38:06,844 [INFO] IPUIPlugin:80 - create IPUIPlugin
2025-10-03 13:38:06,845 [INFO] IPUIPlugin:80 - create IPUIPlugin
2025-10-03 13:38:06,846 [INFO] IPUIPlugin:80 - create IPUIPlugin
2025-10-03 13:38:06,847 [INFO] IPUIPlugin:80 - create IPUIPlugin
2025-10-03 13:38:06,848 [INFO] IPUIPlugin:80 - create IPUIPlugin
2025-10-03 13:38:06,849 [INFO] IPUIPlugin:80 - create IPUIPlugin
2025-10-03 13:38:06,849 [INFO] IPUIPlugin:80 - create IPUIPlugin
2025-10-03 13:38:06,850 [INFO] IPUIPlugin:80 - create IPUIPlugin
2025-10-03 13:38:06,850 [INFO] IPUIPlugin:80 - create IPUIPlugin
2025-10-03 13:38:06,851 [INFO] IPUIPlugin:80 - create IPUIPlugin
2025-10-03 13:38:06,852 [INFO] IPUIPlugin:80 - create IPUIPlugin
2025-10-03 13:38:06,853 [INFO] IPUIPlugin:80 - create IPUIPlugin
2025-10-03 13:38:06,854 [INFO] IPUIPlugin:80 - create IPUIPlugin
2025-10-03 13:38:06,855 [INFO] IPUIPlugin:80 - create IPUIPlugin
2025-10-03 13:38:06,856 [INFO] IPUIPlugin:80 - create IPUIPlugin
2025-10-03 13:38:06,857 [INFO] IPUIPlugin:80 - create IPUIPlugin
2025-10-03 13:38:06,858 [INFO] IPUIPlugin:80 - create IPUIPlugin
2025-10-03 13:38:06,859 [INFO] IPUIPlugin:80 - create IPUIPlugin
2025-10-03 13:38:06,860 [INFO] IPUIPlugin:80 - create IPUIPlugin
2025-10-03 13:38:06,861 [INFO] IPUIPlugin:80 - create IPUIPlugin
2025-10-03 13:38:06,862 [INFO] IPUIPlugin:80 - create IPUIPlugin
2025-10-03 13:38:06,863 [INFO] IPUIPlugin:80 - create IPUIPlugin
2025-10-03 13:38:06,864 [INFO] IPUIPlugin:80 - create IPUIPlugin
2025-10-03 13:38:06,865 [INFO] IPUIPlugin:80 - create IPUIPlugin
2025-10-03 13:38:07,489 [INFO] CADModel:165 - CPN selected for project levelSTM32L433RCT6P
2025-10-03 13:38:07,490 [INFO] CADModel:114 - Register for checkConnection events
2025-10-03 13:38:07,537 [INFO] OpenFileManager:386 - Restore cursor
2025-10-03 13:38:27,563 [INFO] NvicIntPanel:101 - NVIC parent = com.st.microxplorer.plugins.ip.nvic.MultiNvicIntPanel[,0,0,0x0,invalid,layout=javax.swing.BoxLayout,alignmentX=0.0,alignmentY=0.0,border=,flags=9,maximumSize=,minimumSize=,preferredSize=]
2025-10-03 13:43:36,005 [INFO] UtilMem:75 - End SaveConfig() Used Memory: 874512384 Bytes (1068498944)
2025-10-03 13:43:37,502 [INFO] BlockDiagram:2775 - set Specific Code input for plugin: NVIC
2025-10-03 13:43:37,502 [INFO] BlockDiagram:2775 - set Specific Code input for plugin: USART
2025-10-03 13:43:37,502 [INFO] BlockDiagram:2775 - set Specific Code input for plugin: TIM6_7L4
2025-10-03 13:43:37,502 [INFO] BlockDiagram:2775 - set Specific Code input for plugin: SYS
2025-10-03 13:43:37,503 [INFO] BlockDiagram:2775 - set Specific Code input for plugin: GPIO
2025-10-03 13:43:37,504 [INFO] BlockDiagram:2775 - set Specific Code input for plugin: RCC
2025-10-03 13:43:37,505 [INFO] CodeGenerator:892 - code generatio: config db path: /opt/stm32cubeide/plugins/com.st.stm32cube.common.mx_6.15.0.202507011659//db/
2025-10-03 13:43:38,078 [INFO] CodeEngine:265 - oldGeneratedFile, /home/spy/Documents/Microdata/lab4/MXTmpFiles/license.tmp_save
2025-10-03 13:43:38,995 [INFO] CodeEngine:289 - Generated code: /home/spy/Documents/Microdata/lab4/MXTmpFiles/license.tmp
2025-10-03 13:43:39,270 [INFO] CodeEngine:265 - oldGeneratedFile, /home/spy/Documents/Microdata/lab4/MXTmpFiles/gpio.tmp_save
2025-10-03 13:43:39,605 [INFO] CodeEngine:289 - Generated code: /home/spy/Documents/Microdata/lab4/MXTmpFiles/gpio.tmp
2025-10-03 13:43:40,133 [INFO] CodeEngine:265 - oldGeneratedFile, /home/spy/Documents/Microdata/lab4/Core/Src/stm32l4xx_it.c_save
2025-10-03 13:43:40,492 [INFO] CodeEngine:289 - Generated code: /home/spy/Documents/Microdata/lab4/Core/Src/stm32l4xx_it.c
2025-10-03 13:43:40,498 [INFO] CodeEngine:265 - oldGeneratedFile, /home/spy/Documents/Microdata/lab4/Core/Inc/stm32l4xx_it.h_save
2025-10-03 13:43:40,692 [INFO] CodeEngine:289 - Generated code: /home/spy/Documents/Microdata/lab4/Core/Inc/stm32l4xx_it.h
2025-10-03 13:43:40,713 [INFO] CodeEngine:265 - oldGeneratedFile, /home/spy/Documents/Microdata/lab4/Core/Src/stm32l4xx_hal_msp.c_save
2025-10-03 13:43:41,114 [INFO] CodeEngine:289 - Generated code: /home/spy/Documents/Microdata/lab4/Core/Src/stm32l4xx_hal_msp.c
2025-10-03 13:43:41,118 [INFO] CodeEngine:265 - oldGeneratedFile, /home/spy/Documents/Microdata/lab4/MXTmpFiles/system.tmp_save
2025-10-03 13:43:41,273 [INFO] CodeEngine:289 - Generated code: /home/spy/Documents/Microdata/lab4/MXTmpFiles/system.tmp
2025-10-03 13:43:41,285 [INFO] CodeEngine:321 - oldGeneratedFile, /home/spy/Documents/Microdata/lab4/Core/Inc/stm32l4xx_hal_conf.h_save
2025-10-03 13:43:41,451 [INFO] CodeEngine:345 - Generated code: /home/spy/Documents/Microdata/lab4/Core/Inc/stm32l4xx_hal_conf.h
2025-10-03 13:43:41,572 [INFO] ApiDbMcu:532 - Load IP Config File for TIM6
2025-10-03 13:43:41,601 [INFO] ApiDbMcu:532 - Load IP Config File for USART2
2025-10-03 13:43:41,607 [INFO] ApiDbMcu:532 - Load IP Config File for RCC
2025-10-03 13:43:41,613 [WARN] IPConfigManager:3811 - IP not found : TIM
2025-10-03 13:43:41,614 [WARN] CodeGenerator:4259 - IP not found : null
2025-10-03 13:43:41,619 [INFO] CodeEngine:265 - oldGeneratedFile, /home/spy/Documents/Microdata/lab4/Core/Inc/main.h_save
2025-10-03 13:43:41,806 [INFO] CodeEngine:289 - Generated code: /home/spy/Documents/Microdata/lab4/Core/Inc/main.h
2025-10-03 13:43:41,809 [INFO] CodeEngine:265 - oldGeneratedFile, /home/spy/Documents/Microdata/lab4/Core/Src/main.c_save
2025-10-03 13:43:42,074 [INFO] CodeEngine:289 - Generated code: /home/spy/Documents/Microdata/lab4/Core/Src/main.c
2025-10-03 13:43:42,570 [INFO] ProjectBuilder:3606 - Time for Copy HAL[1] : 105mS.
2025-10-03 13:43:42,584 [INFO] ProjectBuilder:5216 - Project Generator version: 4.7.0-B52
2025-10-03 13:43:43,000 [INFO] ConfigFileManager:1595 - The Die is : DIE435
2025-10-03 13:43:43,025 [INFO] ApiDbMcu:532 - Load IP Config File for FATFS
2025-10-03 13:43:43,041 [INFO] ApiDbMcu:532 - Load IP Config File for FREERTOS
2025-10-03 13:43:43,077 [INFO] ApiDbMcu:532 - Load IP Config File for TOUCHSENSING
2025-10-03 13:43:43,091 [INFO] ApiDbMcu:532 - Load IP Config File for USB_DEVICE
2025-10-03 13:43:44,169 [INFO] LogOutputStream:77 - [STDOUT_REDIRECT] 
2025-10-03 13:43:45,938 [INFO] ProjectBuilder:5496 - Time for Generating toolchain IDE Files: 3355mS.
2025-10-03 13:43:45,940 [INFO] ProjectBuilder:3463 - Time for Copy CMSIS : 1mS.
2025-10-03 13:43:45,941 [INFO] ProjectBuilder:3463 - Time for Copy CMSIS : 0mS.
2025-10-03 14:20:06,635 [INFO] I2cTimingTraitement:330 - 0x10D19CE4
2025-10-03 14:33:23,305 [INFO] UtilMem:75 - End SaveConfig() Used Memory: 808714256 Bytes (1073741824)
2025-10-03 14:33:24,854 [INFO] UtilMem:75 - End SaveConfig() Used Memory: 845946680 Bytes (1073741824)
2025-10-03 14:33:26,544 [INFO] UtilMem:75 - End SaveConfig() Used Memory: 296438048 Bytes (975175680)
2025-10-03 14:33:26,807 [INFO] BlockDiagram:2775 - set Specific Code input for plugin: NVIC
2025-10-03 14:33:26,808 [INFO] BlockDiagram:2775 - set Specific Code input for plugin: USART
2025-10-03 14:33:26,808 [INFO] BlockDiagram:2775 - set Specific Code input for plugin: TIM6_7L4
2025-10-03 14:33:26,808 [INFO] BlockDiagram:2775 - set Specific Code input for plugin: SYS
2025-10-03 14:33:26,808 [INFO] BlockDiagram:2775 - set Specific Code input for plugin: GPIO
2025-10-03 14:33:26,808 [INFO] BlockDiagram:2775 - set Specific Code input for plugin: RCC
2025-10-03 14:33:26,809 [INFO] BlockDiagram:2775 - set Specific Code input for plugin: I2C
2025-10-03 14:33:26,809 [INFO] CodeGenerator:892 - code generatio: config db path: /opt/stm32cubeide/plugins/com.st.stm32cube.common.mx_6.15.0.202507011659//db/
2025-10-03 14:33:26,955 [INFO] CodeEngine:265 - oldGeneratedFile, /home/spy/Documents/Microdata/lab4/MXTmpFiles/license.tmp_save
2025-10-03 14:33:27,404 [INFO] CodeEngine:289 - Generated code: /home/spy/Documents/Microdata/lab4/MXTmpFiles/license.tmp
2025-10-03 14:33:27,470 [INFO] CodeEngine:265 - oldGeneratedFile, /home/spy/Documents/Microdata/lab4/MXTmpFiles/gpio.tmp_save
2025-10-03 14:33:27,723 [INFO] CodeEngine:289 - Generated code: /home/spy/Documents/Microdata/lab4/MXTmpFiles/gpio.tmp
2025-10-03 14:33:28,022 [INFO] CodeEngine:265 - oldGeneratedFile, /home/spy/Documents/Microdata/lab4/Core/Src/stm32l4xx_it.c_save
2025-10-03 14:33:28,443 [INFO] CodeEngine:289 - Generated code: /home/spy/Documents/Microdata/lab4/Core/Src/stm32l4xx_it.c
2025-10-03 14:33:28,446 [INFO] CodeEngine:265 - oldGeneratedFile, /home/spy/Documents/Microdata/lab4/Core/Inc/stm32l4xx_it.h_save
2025-10-03 14:33:28,552 [INFO] CodeEngine:289 - Generated code: /home/spy/Documents/Microdata/lab4/Core/Inc/stm32l4xx_it.h
2025-10-03 14:33:28,562 [INFO] CodeEngine:265 - oldGeneratedFile, /home/spy/Documents/Microdata/lab4/Core/Src/stm32l4xx_hal_msp.c_save
2025-10-03 14:33:28,804 [INFO] CodeEngine:289 - Generated code: /home/spy/Documents/Microdata/lab4/Core/Src/stm32l4xx_hal_msp.c
2025-10-03 14:33:28,807 [INFO] CodeEngine:265 - oldGeneratedFile, /home/spy/Documents/Microdata/lab4/MXTmpFiles/system.tmp_save
2025-10-03 14:33:28,908 [INFO] CodeEngine:289 - Generated code: /home/spy/Documents/Microdata/lab4/MXTmpFiles/system.tmp
2025-10-03 14:33:28,916 [INFO] CodeEngine:321 - oldGeneratedFile, /home/spy/Documents/Microdata/lab4/Core/Inc/stm32l4xx_hal_conf.h_save
2025-10-03 14:33:29,027 [INFO] CodeEngine:345 - Generated code: /home/spy/Documents/Microdata/lab4/Core/Inc/stm32l4xx_hal_conf.h
2025-10-03 14:33:29,051 [INFO] ApiDbMcu:532 - Load IP Config File for I2C1
2025-10-03 14:33:29,054 [WARN] IPConfigManager:3811 - IP not found : TIM
2025-10-03 14:33:29,054 [WARN] CodeGenerator:4259 - IP not found : null
2025-10-03 14:33:29,059 [INFO] CodeEngine:265 - oldGeneratedFile, /home/spy/Documents/Microdata/lab4/Core/Inc/main.h_save
2025-10-03 14:33:29,235 [INFO] CodeEngine:289 - Generated code: /home/spy/Documents/Microdata/lab4/Core/Inc/main.h
2025-10-03 14:33:29,237 [INFO] CodeEngine:265 - oldGeneratedFile, /home/spy/Documents/Microdata/lab4/Core/Src/main.c_save
2025-10-03 14:33:29,424 [INFO] CodeEngine:289 - Generated code: /home/spy/Documents/Microdata/lab4/Core/Src/main.c
2025-10-03 14:33:29,809 [INFO] ProjectBuilder:3606 - Time for Copy HAL[1] : 71mS.
2025-10-03 14:33:29,811 [INFO] ProjectBuilder:5216 - Project Generator version: 4.7.0-B52
2025-10-03 14:33:29,981 [INFO] ConfigFileManager:1595 - The Die is : DIE435
2025-10-03 14:33:31,114 [INFO] ProjectBuilder:5496 - Time for Generating toolchain IDE Files: 1303mS.
2025-10-03 14:33:31,114 [INFO] ProjectBuilder:3463 - Time for Copy CMSIS : 0mS.
2025-10-03 14:33:31,115 [INFO] ProjectBuilder:3463 - Time for Copy CMSIS : 0mS.
2025-10-03 14:40:44,306 [INFO] NvicIntPanel:101 - NVIC parent = com.st.microxplorer.plugins.ip.nvic.MultiNvicIntPanel[,0,0,721x442,layout=javax.swing.BoxLayout,alignmentX=0.0,alignmentY=0.0,border=,flags=9,maximumSize=,minimumSize=,preferredSize=]
2025-10-03 14:41:13,124 [INFO] I2cTimingTraitement:330 - 0x10D19CE4
2025-10-03 14:41:13,562 [INFO] I2cTimingTraitement:330 - 0x10D19CE4
2025-10-03 14:41:16,436 [INFO] I2cTimingTraitement:330 - 0x10D19CE4
2025-10-03 14:41:16,665 [INFO] I2cTimingTraitement:330 - 0x10D19CE4
2025-10-03 14:41:25,888 [INFO] UtilMem:75 - End SaveConfig() Used Memory: 655193536 Bytes (940572672)
2025-10-03 14:41:27,145 [INFO] UtilMem:75 - End SaveConfig() Used Memory: 675116480 Bytes (940572672)
2025-10-03 14:41:28,886 [INFO] UtilMem:75 - End SaveConfig() Used Memory: 703952320 Bytes (940572672)
2025-10-03 14:41:29,903 [INFO] BlockDiagram:2775 - set Specific Code input for plugin: NVIC
2025-10-03 14:41:29,903 [INFO] BlockDiagram:2775 - set Specific Code input for plugin: USART
2025-10-03 14:41:29,903 [INFO] BlockDiagram:2775 - set Specific Code input for plugin: TIM6_7L4
2025-10-03 14:41:29,903 [INFO] BlockDiagram:2775 - set Specific Code input for plugin: SYS
2025-10-03 14:41:29,904 [INFO] BlockDiagram:2775 - set Specific Code input for plugin: GPIO
2025-10-03 14:41:29,905 [INFO] BlockDiagram:2775 - set Specific Code input for plugin: RCC
2025-10-03 14:41:29,905 [INFO] BlockDiagram:2775 - set Specific Code input for plugin: I2C
2025-10-03 14:41:29,906 [INFO] CodeGenerator:892 - code generatio: config db path: /opt/stm32cubeide/plugins/com.st.stm32cube.common.mx_6.15.0.202507011659//db/
2025-10-03 14:41:30,093 [INFO] CodeEngine:265 - oldGeneratedFile, /home/spy/Documents/Microdata/lab4/MXTmpFiles/license.tmp_save
2025-10-03 14:41:30,462 [INFO] CodeEngine:289 - Generated code: /home/spy/Documents/Microdata/lab4/MXTmpFiles/license.tmp
2025-10-03 14:41:30,571 [INFO] CodeEngine:265 - oldGeneratedFile, /home/spy/Documents/Microdata/lab4/MXTmpFiles/gpio.tmp_save
2025-10-03 14:41:30,809 [INFO] CodeEngine:289 - Generated code: /home/spy/Documents/Microdata/lab4/MXTmpFiles/gpio.tmp
2025-10-03 14:41:31,183 [INFO] CodeEngine:265 - oldGeneratedFile, /home/spy/Documents/Microdata/lab4/Core/Src/stm32l4xx_it.c_save
2025-10-03 14:41:31,412 [INFO] CodeEngine:289 - Generated code: /home/spy/Documents/Microdata/lab4/Core/Src/stm32l4xx_it.c
2025-10-03 14:41:31,416 [INFO] CodeEngine:265 - oldGeneratedFile, /home/spy/Documents/Microdata/lab4/Core/Inc/stm32l4xx_it.h_save
2025-10-03 14:41:31,599 [INFO] CodeEngine:289 - Generated code: /home/spy/Documents/Microdata/lab4/Core/Inc/stm32l4xx_it.h
2025-10-03 14:41:31,610 [INFO] CodeEngine:265 - oldGeneratedFile, /home/spy/Documents/Microdata/lab4/Core/Src/stm32l4xx_hal_msp.c_save
2025-10-03 14:41:31,874 [INFO] CodeEngine:289 - Generated code: /home/spy/Documents/Microdata/lab4/Core/Src/stm32l4xx_hal_msp.c
2025-10-03 14:41:31,877 [INFO] CodeEngine:265 - oldGeneratedFile, /home/spy/Documents/Microdata/lab4/MXTmpFiles/system.tmp_save
2025-10-03 14:41:32,043 [INFO] CodeEngine:289 - Generated code: /home/spy/Documents/Microdata/lab4/MXTmpFiles/system.tmp
2025-10-03 14:41:32,052 [INFO] CodeEngine:321 - oldGeneratedFile, /home/spy/Documents/Microdata/lab4/Core/Inc/stm32l4xx_hal_conf.h_save
2025-10-03 14:41:32,172 [INFO] CodeEngine:345 - Generated code: /home/spy/Documents/Microdata/lab4/Core/Inc/stm32l4xx_hal_conf.h
2025-10-03 14:41:32,199 [WARN] IPConfigManager:3811 - IP not found : TIM
2025-10-03 14:41:32,200 [WARN] CodeGenerator:4259 - IP not found : null
2025-10-03 14:41:32,205 [INFO] CodeEngine:265 - oldGeneratedFile, /home/spy/Documents/Microdata/lab4/Core/Inc/main.h_save
2025-10-03 14:41:32,315 [INFO] CodeEngine:289 - Generated code: /home/spy/Documents/Microdata/lab4/Core/Inc/main.h
2025-10-03 14:41:32,318 [INFO] CodeEngine:265 - oldGeneratedFile, /home/spy/Documents/Microdata/lab4/Core/Src/main.c_save
2025-10-03 14:41:32,502 [INFO] CodeEngine:289 - Generated code: /home/spy/Documents/Microdata/lab4/Core/Src/main.c
2025-10-03 14:41:32,881 [INFO] ProjectBuilder:3606 - Time for Copy HAL[1] : 71mS.
2025-10-03 14:41:32,884 [INFO] ProjectBuilder:5216 - Project Generator version: 4.7.0-B52
2025-10-03 14:41:33,030 [INFO] ConfigFileManager:1595 - The Die is : DIE435
2025-10-03 14:41:34,611 [INFO] ProjectBuilder:5496 - Time for Generating toolchain IDE Files: 1727mS.
2025-10-03 14:41:34,613 [INFO] ProjectBuilder:3463 - Time for Copy CMSIS : 0mS.
2025-10-03 14:41:34,615 [INFO] ProjectBuilder:3463 - Time for Copy CMSIS : 0mS.
2025-10-03 14:49:11,498 [INFO] UtilMem:75 - End SaveConfig() Used Memory: 710340512 Bytes (940572672)
2025-10-03 14:49:11,875 [INFO] BlockDiagram:2775 - set Specific Code input for plugin: NVIC
2025-10-03 14:49:11,876 [INFO] BlockDiagram:2775 - set Specific Code input for plugin: USART
2025-10-03 14:49:11,876 [INFO] BlockDiagram:2775 - set Specific Code input for plugin: TIM6_7L4
2025-10-03 14:49:11,876 [INFO] BlockDiagram:2775 - set Specific Code input for plugin: SYS
2025-10-03 14:49:11,877 [INFO] BlockDiagram:2775 - set Specific Code input for plugin: GPIO
2025-10-03 14:49:11,877 [INFO] BlockDiagram:2775 - set Specific Code input for plugin: RCC
2025-10-03 14:49:11,877 [INFO] BlockDiagram:2775 - set Specific Code input for plugin: I2C
2025-10-03 14:49:11,878 [INFO] CodeGenerator:892 - code generatio: config db path: /opt/stm32cubeide/plugins/com.st.stm32cube.common.mx_6.15.0.202507011659//db/
2025-10-03 14:49:12,142 [INFO] CodeEngine:265 - oldGeneratedFile, /home/spy/Documents/Microdata/lab4/MXTmpFiles/license.tmp_save
2025-10-03 14:49:12,262 [INFO] CodeEngine:289 - Generated code: /home/spy/Documents/Microdata/lab4/MXTmpFiles/license.tmp
2025-10-03 14:49:12,324 [INFO] CodeEngine:265 - oldGeneratedFile, /home/spy/Documents/Microdata/lab4/MXTmpFiles/gpio.tmp_save
2025-10-03 14:49:12,420 [INFO] CodeEngine:289 - Generated code: /home/spy/Documents/Microdata/lab4/MXTmpFiles/gpio.tmp
2025-10-03 14:49:12,687 [INFO] CodeEngine:265 - oldGeneratedFile, /home/spy/Documents/Microdata/lab4/Core/Src/stm32l4xx_it.c_save
2025-10-03 14:49:12,807 [INFO] CodeEngine:289 - Generated code: /home/spy/Documents/Microdata/lab4/Core/Src/stm32l4xx_it.c
2025-10-03 14:49:12,809 [INFO] CodeEngine:265 - oldGeneratedFile, /home/spy/Documents/Microdata/lab4/Core/Inc/stm32l4xx_it.h_save
2025-10-03 14:49:12,935 [INFO] CodeEngine:289 - Generated code: /home/spy/Documents/Microdata/lab4/Core/Inc/stm32l4xx_it.h
2025-10-03 14:49:12,946 [INFO] CodeEngine:265 - oldGeneratedFile, /home/spy/Documents/Microdata/lab4/Core/Src/stm32l4xx_hal_msp.c_save
2025-10-03 14:49:13,161 [INFO] CodeEngine:289 - Generated code: /home/spy/Documents/Microdata/lab4/Core/Src/stm32l4xx_hal_msp.c
2025-10-03 14:49:13,163 [INFO] CodeEngine:265 - oldGeneratedFile, /home/spy/Documents/Microdata/lab4/MXTmpFiles/system.tmp_save
2025-10-03 14:49:13,257 [INFO] CodeEngine:289 - Generated code: /home/spy/Documents/Microdata/lab4/MXTmpFiles/system.tmp
2025-10-03 14:49:13,262 [INFO] CodeEngine:321 - oldGeneratedFile, /home/spy/Documents/Microdata/lab4/Core/Inc/stm32l4xx_hal_conf.h_save
2025-10-03 14:49:13,368 [INFO] CodeEngine:345 - Generated code: /home/spy/Documents/Microdata/lab4/Core/Inc/stm32l4xx_hal_conf.h
2025-10-03 14:49:13,387 [WARN] IPConfigManager:3811 - IP not found : TIM
2025-10-03 14:49:13,388 [WARN] CodeGenerator:4259 - IP not found : null
2025-10-03 14:49:13,391 [INFO] CodeEngine:265 - oldGeneratedFile, /home/spy/Documents/Microdata/lab4/Core/Inc/main.h_save
2025-10-03 14:49:13,489 [INFO] CodeEngine:289 - Generated code: /home/spy/Documents/Microdata/lab4/Core/Inc/main.h
2025-10-03 14:49:13,491 [INFO] CodeEngine:265 - oldGeneratedFile, /home/spy/Documents/Microdata/lab4/Core/Src/main.c_save
2025-10-03 14:49:13,654 [INFO] CodeEngine:289 - Generated code: /home/spy/Documents/Microdata/lab4/Core/Src/main.c
2025-10-03 14:49:13,992 [INFO] ProjectBuilder:3606 - Time for Copy HAL[1] : 35mS.
2025-10-03 14:49:13,999 [INFO] ProjectBuilder:5216 - Project Generator version: 4.7.0-B52
2025-10-03 14:49:14,159 [INFO] ConfigFileManager:1595 - The Die is : DIE435
2025-10-03 14:49:15,325 [INFO] ProjectBuilder:5496 - Time for Generating toolchain IDE Files: 1329mS.
2025-10-03 14:49:15,327 [INFO] ProjectBuilder:3463 - Time for Copy CMSIS : 2mS.
2025-10-03 14:49:15,329 [INFO] ProjectBuilder:3463 - Time for Copy CMSIS : 1mS.
2025-10-03 16:39:25,550 [INFO] NvicIntPanel:101 - NVIC parent = com.st.microxplorer.plugins.ip.nvic.MultiNvicIntPanel[,0,0,721x442,layout=javax.swing.BoxLayout,alignmentX=0.0,alignmentY=0.0,border=,flags=9,maximumSize=,minimumSize=,preferredSize=]
2025-10-03 18:33:56,126 [INFO] NvicIntPanel:101 - NVIC parent = com.st.microxplorer.plugins.ip.nvic.MultiNvicIntPanel[,0,0,0x0,invalid,layout=javax.swing.BoxLayout,alignmentX=0.0,alignmentY=0.0,border=,flags=9,maximumSize=,minimumSize=,preferredSize=]
2025-10-03 18:33:56,435 [INFO] I2cTimingTraitement:330 - 0x10D19CE4
2025-10-03 18:35:17,100 [INFO] NvicIntPanel:101 - NVIC parent = com.st.microxplorer.plugins.ip.nvic.MultiNvicIntPanel[,0,0,508x377,layout=javax.swing.BoxLayout,alignmentX=0.0,alignmentY=0.0,border=,flags=9,maximumSize=,minimumSize=,preferredSize=]
2025-10-03 18:35:18,510 [INFO] NvicIntPanel:101 - NVIC parent = com.st.microxplorer.plugins.ip.nvic.MultiNvicIntPanel[,0,0,0x0,invalid,layout=javax.swing.BoxLayout,alignmentX=0.0,alignmentY=0.0,border=,flags=9,maximumSize=,minimumSize=,preferredSize=]
2025-10-03 18:35:22,103 [INFO] UtilMem:75 - End SaveConfig() Used Memory: 482536552 Bytes (895483904)
2025-10-03 18:35:23,615 [INFO] UtilMem:75 - End SaveConfig() Used Memory: 546499688 Bytes (895483904)
2025-10-03 18:35:43,610 [INFO] UtilMem:75 - End SaveConfig() Used Memory: 314560432 Bytes (895483904)
2025-10-03 18:35:43,912 [INFO] BlockDiagram:2775 - set Specific Code input for plugin: NVIC
2025-10-03 18:35:43,913 [INFO] BlockDiagram:2775 - set Specific Code input for plugin: USART
2025-10-03 18:35:43,913 [INFO] BlockDiagram:2775 - set Specific Code input for plugin: TIM6_7L4
2025-10-03 18:35:43,913 [INFO] BlockDiagram:2775 - set Specific Code input for plugin: SYS
2025-10-03 18:35:43,914 [INFO] BlockDiagram:2775 - set Specific Code input for plugin: GPIO
2025-10-03 18:35:43,915 [INFO] BlockDiagram:2775 - set Specific Code input for plugin: RCC
2025-10-03 18:35:43,915 [INFO] BlockDiagram:2775 - set Specific Code input for plugin: I2C
2025-10-03 18:35:43,916 [INFO] CodeGenerator:892 - code generatio: config db path: /opt/stm32cubeide/plugins/com.st.stm32cube.common.mx_6.15.0.202507011659//db/
2025-10-03 18:35:44,116 [INFO] CodeEngine:265 - oldGeneratedFile, /home/spy/Documents/Microdata/lab4/MXTmpFiles/license.tmp_save
2025-10-03 18:35:44,759 [INFO] CodeEngine:289 - Generated code: /home/spy/Documents/Microdata/lab4/MXTmpFiles/license.tmp
2025-10-03 18:35:44,833 [INFO] CodeEngine:265 - oldGeneratedFile, /home/spy/Documents/Microdata/lab4/MXTmpFiles/gpio.tmp_save
2025-10-03 18:35:45,133 [INFO] CodeEngine:289 - Generated code: /home/spy/Documents/Microdata/lab4/MXTmpFiles/gpio.tmp
2025-10-03 18:35:45,410 [INFO] CodeEngine:265 - oldGeneratedFile, /home/spy/Documents/Microdata/lab4/Core/Src/stm32l4xx_it.c_save
2025-10-03 18:35:46,170 [INFO] CodeEngine:289 - Generated code: /home/spy/Documents/Microdata/lab4/Core/Src/stm32l4xx_it.c
2025-10-03 18:35:46,173 [INFO] CodeEngine:265 - oldGeneratedFile, /home/spy/Documents/Microdata/lab4/Core/Inc/stm32l4xx_it.h_save
2025-10-03 18:35:46,316 [INFO] CodeEngine:289 - Generated code: /home/spy/Documents/Microdata/lab4/Core/Inc/stm32l4xx_it.h
2025-10-03 18:35:46,329 [INFO] CodeEngine:265 - oldGeneratedFile, /home/spy/Documents/Microdata/lab4/Core/Src/stm32l4xx_hal_msp.c_save
2025-10-03 18:35:46,594 [INFO] CodeEngine:289 - Generated code: /home/spy/Documents/Microdata/lab4/Core/Src/stm32l4xx_hal_msp.c
2025-10-03 18:35:46,597 [INFO] CodeEngine:265 - oldGeneratedFile, /home/spy/Documents/Microdata/lab4/MXTmpFiles/system.tmp_save
2025-10-03 18:35:46,694 [INFO] CodeEngine:289 - Generated code: /home/spy/Documents/Microdata/lab4/MXTmpFiles/system.tmp
2025-10-03 18:35:46,700 [INFO] CodeEngine:321 - oldGeneratedFile, /home/spy/Documents/Microdata/lab4/Core/Inc/stm32l4xx_hal_conf.h_save
2025-10-03 18:35:46,834 [INFO] CodeEngine:345 - Generated code: /home/spy/Documents/Microdata/lab4/Core/Inc/stm32l4xx_hal_conf.h
2025-10-03 18:35:46,860 [WARN] IPConfigManager:3811 - IP not found : TIM
2025-10-03 18:35:46,861 [WARN] CodeGenerator:4259 - IP not found : null
2025-10-03 18:35:46,868 [INFO] CodeEngine:265 - oldGeneratedFile, /home/spy/Documents/Microdata/lab4/Core/Inc/main.h_save
2025-10-03 18:35:47,080 [INFO] CodeEngine:289 - Generated code: /home/spy/Documents/Microdata/lab4/Core/Inc/main.h
2025-10-03 18:35:47,083 [INFO] CodeEngine:265 - oldGeneratedFile, /home/spy/Documents/Microdata/lab4/Core/Src/main.c_save
2025-10-03 18:35:47,262 [INFO] CodeEngine:289 - Generated code: /home/spy/Documents/Microdata/lab4/Core/Src/main.c
2025-10-03 18:35:47,636 [INFO] ProjectBuilder:3606 - Time for Copy HAL[1] : 78mS.
2025-10-03 18:35:47,638 [INFO] ProjectBuilder:5216 - Project Generator version: 4.7.0-B52
2025-10-03 18:35:47,771 [INFO] ConfigFileManager:1595 - The Die is : DIE435
2025-10-03 18:35:48,786 [INFO] ProjectBuilder:5496 - Time for Generating toolchain IDE Files: 1147mS.
2025-10-03 18:35:48,788 [INFO] ProjectBuilder:3463 - Time for Copy CMSIS : 1mS.
2025-10-03 18:35:48,789 [INFO] ProjectBuilder:3463 - Time for Copy CMSIS : 0mS.
2025-10-03 18:36:38,905 [INFO] MainUpdater:2872 - connection check result : 10
2025-10-03 18:36:38,906 [INFO] MainUpdater:2872 - connection check result : 10
2025-10-03 18:36:38,973 [INFO] I2cTimingTraitement:330 - 0x10D19CE4
2025-10-03 18:36:38,979 [INFO] MicroXplorer:468 - Change Database Path : 
2025-10-03 18:36:38,979 [INFO] MicroXplorer:498 - Change Database Version : DB.6.0.150
2025-10-03 18:36:39,011 [ERROR] ProjectManagerView:395 - 
java.lang.NullPointerException: Cannot invoke "javax.swing.JTextField.getText()" because the return value of "java.util.List.get(int)" is null
	at com.st.microxplorer.plugins.projectmanager.gui.ProjectChoiceTab$9.caretUpdate(ProjectChoiceTab.java:2706) ~[filemanager.jar:?]
	at javax.swing.text.JTextComponent.fireCaretUpdate(JTextComponent.java:408) ~[?:?]
	at javax.swing.text.JTextComponent$MutableCaretEvent.fire(JTextComponent.java:4484) ~[?:?]
	at javax.swing.text.JTextComponent$MutableCaretEvent.stateChanged(JTextComponent.java:4506) ~[?:?]
	at javax.swing.text.DefaultCaret.fireStateChanged(DefaultCaret.java:857) ~[?:?]
	at javax.swing.text.DefaultCaret.changeCaretPosition(DefaultCaret.java:1343) ~[?:?]
	at javax.swing.text.DefaultCaret.handleSetDot(DefaultCaret.java:1242) ~[?:?]
	at javax.swing.text.DefaultCaret.setDot(DefaultCaret.java:1223) ~[?:?]
	at javax.swing.text.DefaultCaret$Handler.insertUpdate(DefaultCaret.java:1819) ~[?:?]
	at javax.swing.text.AbstractDocument.fireInsertUpdate(AbstractDocument.java:227) ~[?:?]
	at javax.swing.text.AbstractDocument.handleInsertString(AbstractDocument.java:781) ~[?:?]
	at javax.swing.text.AbstractDocument.insertString(AbstractDocument.java:740) ~[?:?]
	at javax.swing.text.PlainDocument.insertString(PlainDocument.java:131) ~[?:?]
	at javax.swing.text.AbstractDocument.replace(AbstractDocument.java:699) ~[?:?]
	at javax.swing.text.JTextComponent.setText(JTextComponent.java:1725) ~[?:?]
	at com.st.microxplorer.plugins.projectmanager.gui.ProjectChoiceTab.createHeapStackFields(ProjectChoiceTab.java:993) ~[filemanager.jar:?]
	at com.st.microxplorer.plugins.projectmanager.gui.ProjectChoiceTab.buildLinkSettingsPanel(ProjectChoiceTab.java:3813) ~[filemanager.jar:?]
	at com.st.microxplorer.plugins.projectmanager.gui.ProjectChoiceTab.defineWindowsFields(ProjectChoiceTab.java:1987) ~[filemanager.jar:?]
	at com.st.microxplorer.plugins.projectmanager.gui.ProjectChoiceTab.updateSettings(ProjectChoiceTab.java:558) ~[filemanager.jar:?]
	at com.st.microxplorer.plugins.projectmanager.gui.ProjectSettingsPanel.UpdateDialog(ProjectSettingsPanel.java:247) ~[filemanager.jar:?]
	at com.st.microxplorer.plugins.projectmanager.ProjectManagerView.propertyChange(ProjectManagerView.java:392) ~[filemanager.jar:?]
	at java.beans.PropertyChangeSupport.fire(PropertyChangeSupport.java:343) ~[?:?]
	at java.beans.PropertyChangeSupport.firePropertyChange(PropertyChangeSupport.java:335) ~[?:?]
	at java.beans.PropertyChangeSupport.firePropertyChange(PropertyChangeSupport.java:268) ~[?:?]
	at com.st.microxplorer.util.MXPropertyChangeSupport.firePropertyChange(MXPropertyChangeSupport.java:54) ~[STM32CubeMX.jar:?]
	at com.st.microxplorer.mxsystem.MxSystem.closeConfig(MxSystem.java:899) ~[STM32CubeMX.jar:?]
	at com.st.microxplorer.maingui.MainPanel.closeConfig(MainPanel.java:792) ~[STM32CubeMX.jar:?]
	at com.st.microxplorer.plugins.filemanager.engine.OpenFileManager.loadConfigurationFile(OpenFileManager.java:288) ~[filemanager.jar:?]
	at com.st.microxplorer.plugins.filemanager.engine.MainFileManager.userLoadConfig(MainFileManager.java:364) ~[filemanager.jar:?]
	at com.st.microxplorer.plugins.filemanager.engine.MainFileManager.userLoadConfig(MainFileManager.java:342) ~[filemanager.jar:?]
	at com.st.microxplorer.plugins.filemanager.FileManagerView.getSpecificTask(FileManagerView.java:264) ~[filemanager.jar:?]
	at com.st.stm32cube.common.mx.editor.CubeMxEditor.getMxTabbedPaneInstance(CubeMxEditor.java:1198) ~[com.st.stm32cube.common.mx_6.15.0.202507011659/:?]
	at com.st.stm32cube.common.mx.editor.CubeMxEditor$12$1.createSwingComponent(CubeMxEditor.java:1068) ~[com.st.stm32cube.common.mx_6.15.0.202507011659/:?]
	at com.st.stm32cube.common.mx.oss.core.awtswtbridge.EmbeddedSwingComposite.doComponentCreation(EmbeddedSwingComposite.java:492) ~[com.st.stm32cube.common.mx.oss_6.15.0.202507011659/:?]
	at com.st.stm32cube.common.mx.oss.core.awtswtbridge.EmbeddedSwingComposite$4.run(EmbeddedSwingComposite.java:291) ~[com.st.stm32cube.common.mx.oss_6.15.0.202507011659/:?]
	at com.st.stm32cube.common.mx.oss.core.awtswtbridge.AwtEnvironment$2.run(AwtEnvironment.java:166) ~[com.st.stm32cube.common.mx.oss_6.15.0.202507011659/:?]
	at java.awt.event.InvocationEvent.dispatch(InvocationEvent.java:318) ~[?:?]
	at java.awt.EventQueue.dispatchEventImpl(EventQueue.java:773) ~[?:?]
	at java.awt.EventQueue$4.run(EventQueue.java:720) ~[?:?]
	at java.awt.EventQueue$4.run(EventQueue.java:714) ~[?:?]
	at java.security.AccessController.doPrivileged(AccessController.java:400) ~[?:?]
	at java.security.ProtectionDomain$JavaSecurityAccessImpl.doIntersectionPrivilege(ProtectionDomain.java:87) ~[?:?]
	at java.awt.EventQueue.dispatchEvent(EventQueue.java:742) ~[?:?]
	at java.awt.EventDispatchThread.pumpOneEventForFilters(EventDispatchThread.java:203) ~[?:?]
	at java.awt.EventDispatchThread.pumpEventsForFilter(EventDispatchThread.java:124) ~[?:?]
	at java.awt.EventDispatchThread.pumpEventsForHierarchy(EventDispatchThread.java:113) ~[?:?]
	at java.awt.EventDispatchThread.pumpEvents(EventDispatchThread.java:109) ~[?:?]
	at java.awt.EventDispatchThread.pumpEvents(EventDispatchThread.java:101) ~[?:?]
	at java.awt.EventDispatchThread.run(EventDispatchThread.java:90) ~[?:?]
2025-10-03 18:36:39,032 [WARN] ThirdParty:871 - waiting for thirdparty lock release [close project]
2025-10-03 18:36:39,032 [INFO] ThirdParty:873 - entering critical section [close project]
2025-10-03 18:36:39,033 [INFO] ThirdParty:883 - exiting critical section [close project]
2025-10-03 18:36:39,039 [INFO] PinOutPanel:1589 - setPackage(No Configuration,No Configuration)
2025-10-03 18:36:39,063 [INFO] UtilMem:75 - Begin LoadConfig() Used Memory: 613917792 Bytes (895483904)
2025-10-03 18:36:39,064 [INFO] MicroXplorer:468 - Change Database Path : 
2025-10-03 18:36:39,065 [INFO] MicroXplorer:498 - Change Database Version : DB.6.0.150
2025-10-03 18:36:39,065 [INFO] OpenFileManager:355 - Change cursor
2025-10-03 18:36:39,114 [INFO] RulesReader:64 - Compatibility file has been processed (317 Rules)
2025-10-03 18:36:39,123 [INFO] Mcu:2029 - Initializing MCU STM32L433RCTxP STM32L433RCTxP STM32L433RCT6P
2025-10-03 18:36:41,006 [INFO] Context:786 - Trying to add GPIOservice into a context  which must be forbidden
2025-10-03 18:36:42,011 [INFO] ImportTextPane:234 - (OptionalMessage_ERROR) Pin20 (VP_RIF_VS_RIF1) cannot be retrieved for this MCU
2025-10-03 18:36:42,094 [INFO] RtosManager:558 - Registered RTOS mode: class=CMSIS, group=RTOS, mode=CMSIS_V1, owner=FREERTOS
2025-10-03 18:36:42,094 [INFO] RtosManager:558 - Registered RTOS mode: class=CMSIS, group=RTOS2, mode=CMSIS_V2, owner=FREERTOS
2025-10-03 18:36:42,095 [INFO] RtosManager:558 - Registered RTOS mode: class=RTOS, group=Core, mode=CMSIS_V1, owner=FREERTOS
2025-10-03 18:36:42,095 [INFO] RtosManager:558 - Registered RTOS mode: class=RTOS, group=Core, mode=CMSIS_V2, owner=FREERTOS
2025-10-03 18:36:42,095 [WARN] ModelIntegratedComponent:184 - Missing modes for component STMicroelectronics:FreeRTOS:0.0.1:STMicroelectronics:RTOS:FreeRTOS:Core:::10.2.0:
2025-10-03 18:36:42,157 [WARN] ModelIntegratedComponent:63 - No mode defined for component null
2025-10-03 18:36:42,157 [WARN] ModelIntegratedComponent:63 - No mode defined for component null
2025-10-03 18:36:42,157 [WARN] ModelIntegratedComponent:63 - No mode defined for component null
2025-10-03 18:36:42,157 [WARN] ModelIntegratedComponent:63 - No mode defined for component null
2025-10-03 18:36:42,157 [WARN] ModelIntegratedComponent:63 - No mode defined for component null
2025-10-03 18:36:42,157 [WARN] ModelIntegratedComponent:63 - No mode defined for component null
2025-10-03 18:36:42,157 [WARN] ModelIntegratedComponent:63 - No mode defined for component null
2025-10-03 18:36:42,157 [WARN] ModelIntegratedComponent:63 - No mode defined for component null
2025-10-03 18:36:42,158 [WARN] ModelIntegratedComponent:63 - No mode defined for component null
2025-10-03 18:36:42,158 [WARN] ModelIntegratedComponent:63 - No mode defined for component null
2025-10-03 18:36:42,158 [WARN] ModelIntegratedComponent:63 - No mode defined for component null
2025-10-03 18:36:42,158 [WARN] ModelIntegratedComponent:63 - No mode defined for component null
2025-10-03 18:36:42,158 [WARN] ModelIntegratedComponent:63 - No mode defined for component null
2025-10-03 18:36:42,158 [WARN] ModelIntegratedComponent:63 - No mode defined for component null
2025-10-03 18:36:42,159 [WARN] ModelIntegratedComponent:63 - No mode defined for component null
2025-10-03 18:36:42,159 [WARN] ModelIntegratedComponent:63 - No mode defined for component null
2025-10-03 18:36:42,159 [WARN] ModelIntegratedComponent:63 - No mode defined for component null
2025-10-03 18:36:42,159 [WARN] ModelIntegratedComponent:63 - No mode defined for component null
2025-10-03 18:36:42,159 [WARN] ModelIntegratedComponent:63 - No mode defined for component null
2025-10-03 18:36:42,159 [WARN] ModelIntegratedComponent:63 - No mode defined for component null
2025-10-03 18:36:42,159 [WARN] ModelIntegratedComponent:63 - No mode defined for component null
2025-10-03 18:36:42,159 [WARN] ModelIntegratedComponent:63 - No mode defined for component null
2025-10-03 18:36:42,159 [WARN] ModelIntegratedComponent:63 - No mode defined for component null
2025-10-03 18:36:42,159 [WARN] ModelIntegratedComponent:63 - No mode defined for component null
2025-10-03 18:36:42,159 [WARN] ModelIntegratedComponent:63 - No mode defined for component null
2025-10-03 18:36:42,159 [WARN] ModelIntegratedComponent:63 - No mode defined for component null
2025-10-03 18:36:42,159 [WARN] ModelIntegratedComponent:63 - No mode defined for component null
2025-10-03 18:36:42,160 [WARN] ModelIntegratedComponent:63 - No mode defined for component null
2025-10-03 18:36:42,160 [WARN] ModelIntegratedComponent:63 - No mode defined for component null
2025-10-03 18:36:42,160 [WARN] ModelIntegratedComponent:63 - No mode defined for component null
2025-10-03 18:36:42,160 [WARN] ModelIntegratedComponent:63 - No mode defined for component null
2025-10-03 18:36:42,160 [WARN] ModelIntegratedComponent:63 - No mode defined for component null
2025-10-03 18:36:42,160 [WARN] ModelIntegratedComponent:63 - No mode defined for component null
2025-10-03 18:36:42,160 [WARN] ModelIntegratedComponent:63 - No mode defined for component null
2025-10-03 18:36:42,160 [WARN] ModelIntegratedComponent:63 - No mode defined for component null
2025-10-03 18:36:42,160 [WARN] ModelPack:524 - Component already loaded: STMicroelectronics:HAL Drivers:0.0.0:STMicroelectronics:Device:STMicro_Driver:XSPI:HAL::0.0.1:HAL_XSPI
2025-10-03 18:36:42,438 [INFO] ThirdPartyModel:298 - Start build external matchings
2025-10-03 18:36:42,864 [INFO] ThirdPartyModel:316 - End build external matchings
2025-10-03 18:36:42,883 [INFO] ImportTextPane:234 - (OptionalMessage_ERROR) IP (RCC) : Invalid parameter (FamilyName)
2025-10-03 18:36:42,883 [INFO] ImportTextPane:234 - (OptionalMessage_ERROR) IP (RCC) : Invalid parameter (I2C4Freq_Value)
2025-10-03 18:36:42,884 [INFO] ImportTextPane:234 - (OptionalMessage_ERROR) IP (RCC) : Parameter (RNGFreq_Value) has invalid value (64000000)
2025-10-03 18:36:42,884 [INFO] ImportTextPane:234 - (OptionalMessage_ERROR) IP (RCC) : Parameter (SDMMCFreq_Value) has invalid value (64000000)
2025-10-03 18:36:42,884 [INFO] ImportTextPane:234 - (OptionalMessage_ERROR) IP (RCC) : Invalid parameter (UART4Freq_Value)
2025-10-03 18:36:42,884 [INFO] ImportTextPane:234 - (OptionalMessage_ERROR) IP (RCC) : Invalid parameter (UART5Freq_Value)
2025-10-03 18:36:42,884 [INFO] ImportTextPane:234 - (OptionalMessage_ERROR) IP (RCC) : Parameter (USBFreq_Value) has invalid value (64000000)
2025-10-03 18:36:42,884 [INFO] ImportTextPane:234 - (OptionalMessage_ERROR) IP (RCC) : Invalid parameter (VCOSAI2OutputFreq_Value)
2025-10-03 18:36:43,126 [INFO] UtilMem:75 - End LoadConfig() Used Memory: 381470712 Bytes (895483904)
2025-10-03 18:36:43,143 [WARN] ThirdParty:833 - waiting for thirdparty lock release [change project]
2025-10-03 18:36:43,143 [INFO] ThirdParty:835 - entering critical section [change project]
2025-10-03 18:36:43,144 [INFO] ThirdParty:1030 - CMSIS Pack Vendor :STMicroelectronics X-CUBE-PM33A1 1.0.0
2025-10-03 18:36:43,144 [INFO] ThirdParty:1030 - CMSIS Pack Vendor :STMicroelectronics USBPD 4.1
2025-10-03 18:36:43,144 [INFO] ThirdParty:1030 - CMSIS Pack Vendor :STMicroelectronics X-CUBE-NFC9 1.0.0
2025-10-03 18:36:43,144 [INFO] ThirdParty:1030 - CMSIS Pack Vendor :STMicroelectronics USB_HOST 2.0.0
2025-10-03 18:36:43,144 [INFO] ThirdParty:1030 - CMSIS Pack Vendor :STMicroelectronics FP-SNS-MOTENVWB1 1.4.0
2025-10-03 18:36:43,144 [INFO] ThirdParty:1030 - CMSIS Pack Vendor :STMicroelectronics X-CUBE-AZRTOS-F4 1.1.0
2025-10-03 18:36:43,144 [INFO] ThirdParty:1030 - CMSIS Pack Vendor :STMicroelectronics LIBJPEG 8.0.0
2025-10-03 18:36:43,144 [INFO] ThirdParty:1030 - CMSIS Pack Vendor :STMicroelectronics FP-ATR-ASTRA1 2.0.2
2025-10-03 18:36:43,144 [INFO] ThirdParty:1030 - CMSIS Pack Vendor :wolfSSL I-CUBE-wolfSSL 5.8.2
2025-10-03 18:36:43,144 [INFO] ThirdParty:1030 - CMSIS Pack Vendor :STMicroelectronics X-CUBE-BLE1 7.1.0
2025-10-03 18:36:43,144 [INFO] ThirdParty:1030 - CMSIS Pack Vendor :Avnet-IotConnect X-CUBE-IoTC-DA16k-PMOD 1.0.0
2025-10-03 18:36:43,145 [INFO] ThirdParty:1030 - CMSIS Pack Vendor :STMicroelectronics X-CUBE-SMBUS 2.1.0
2025-10-03 18:36:43,145 [INFO] ThirdParty:1030 - CMSIS Pack Vendor :wolfSSL I-CUBE-wolfMQTT 1.19.2
2025-10-03 18:36:43,145 [INFO] ThirdParty:1030 - CMSIS Pack Vendor :STMicroelectronics USB_DEVICE 3.0.0
2025-10-03 18:36:43,146 [INFO] ThirdParty:1030 - CMSIS Pack Vendor :STMicroelectronics X-CUBE-ISPU 2.1.0
2025-10-03 18:36:43,146 [INFO] ThirdParty:1030 - CMSIS Pack Vendor :STMicroelectronics X-CUBE-EEPRMA1 5.2.0
2025-10-03 18:36:43,146 [INFO] ThirdParty:1030 - CMSIS Pack Vendor :STMicroelectronics X-CUBE-BLEMGR 4.1.0
2025-10-03 18:36:43,146 [INFO] ThirdParty:1030 - CMSIS Pack Vendor :STMicroelectronics X-CUBE-AZRTOS-WB 2.0.0
2025-10-03 18:36:43,146 [INFO] ThirdParty:1030 - CMSIS Pack Vendor :STMicroelectronics X-CUBE-ST60 1.0.0
2025-10-03 18:36:43,146 [INFO] ThirdParty:1030 - CMSIS Pack Vendor :STMicroelectronics X-CUBE-GNSS1 7.0.1
2025-10-03 18:36:43,146 [INFO] ThirdParty:1030 - CMSIS Pack Vendor :STMicroelectronics X-CUBE-NFC12 1.0.0
2025-10-03 18:36:43,147 [INFO] ThirdParty:1030 - CMSIS Pack Vendor :STMicroelectronics X-CUBE-AZRTOS-F7 1.1.0
2025-10-03 18:36:43,147 [INFO] ThirdParty:1030 - CMSIS Pack Vendor :STMicroelectronics X-CUBE-AZRTOS-L5 2.0.0
2025-10-03 18:36:43,147 [INFO] ThirdParty:1030 - CMSIS Pack Vendor :STMicroelectronics X-CUBE-TOUCHGFX 4.25.0
2025-10-03 18:36:43,147 [INFO] ThirdParty:1030 - CMSIS Pack Vendor :STMicroelectronics USB_DEVICE 2.0.0
2025-10-03 18:36:43,147 [INFO] ThirdParty:1030 - CMSIS Pack Vendor :STMicroelectronics X-CUBE-NFC6 3.1.0
2025-10-03 18:36:43,147 [INFO] ThirdParty:1030 - CMSIS Pack Vendor :quantropi X-CUBE-qispace-sdk-base 2.1.0
2025-10-03 18:36:43,147 [INFO] ThirdParty:1030 - CMSIS Pack Vendor :STMicroelectronics FreeRTOS 0.0.1
2025-10-03 18:36:43,147 [INFO] ThirdParty:1030 - CMSIS Pack Vendor :STMicroelectronics X-CUBE-AZRTOS-G0 1.1.0
2025-10-03 18:36:43,147 [INFO] ThirdParty:1030 - CMSIS Pack Vendor :STMicroelectronics X-CUBE-SAFEA1 1.2.2
2025-10-03 18:36:43,147 [INFO] ThirdParty:1030 - CMSIS Pack Vendor :STMicroelectronics X-CUBE-NFC4 3.0.0
2025-10-03 18:36:43,147 [INFO] ThirdParty:1030 - CMSIS Pack Vendor :STMicroelectronics X-CUBE-SUBG2 5.0.0
2025-10-03 18:36:43,147 [INFO] ThirdParty:1030 - CMSIS Pack Vendor :STMicroelectronics X-CUBE-AZRTOS-H7RS 1.1.0
2025-10-03 18:36:43,147 [INFO] ThirdParty:1030 - CMSIS Pack Vendor :STMicroelectronics STM32_WPAN 1.0.0
2025-10-03 18:36:43,147 [INFO] ThirdParty:1030 - CMSIS Pack Vendor :EmbeddedOffice I-CUBE-FS-RTOS 1.0.1
2025-10-03 18:36:43,148 [INFO] ThirdParty:1030 - CMSIS Pack Vendor :STMicroelectronics lwIP 2.0.3
2025-10-03 18:36:43,148 [INFO] ThirdParty:1030 - CMSIS Pack Vendor :WES I-CUBE-Cesium 1.4.0
2025-10-03 18:36:43,148 [INFO] ThirdParty:1030 - CMSIS Pack Vendor :Cesanta I-CUBE-Mongoose 7.13.0
2025-10-03 18:36:43,148 [INFO] ThirdParty:1030 - CMSIS Pack Vendor :STMicroelectronics USB_HOST 1.0.0
2025-10-03 18:36:43,148 [INFO] ThirdParty:1030 - CMSIS Pack Vendor :Infineon AIROC-Wi-Fi-Bluetooth-STM32 1.7.1
2025-10-03 18:36:43,148 [INFO] ThirdParty:1030 - CMSIS Pack Vendor :STMicroelectronics X-CUBE-AZRTOS-G4 2.0.0
2025-10-03 18:36:43,148 [INFO] ThirdParty:1030 - CMSIS Pack Vendor :STMicroelectronics X-CUBE-WB05N 2.0.0
2025-10-03 18:36:43,148 [INFO] ThirdParty:1030 - CMSIS Pack Vendor :STMicroelectronics PDM2PCM 3.1.0
2025-10-03 18:36:43,148 [INFO] ThirdParty:1030 - CMSIS Pack Vendor :STMicroelectronics PDM2PCM 3.3.0
2025-10-03 18:36:43,148 [INFO] ThirdParty:1030 - CMSIS Pack Vendor :wolfSSL I-CUBE-wolfTPM 3.8.0
2025-10-03 18:36:43,148 [INFO] ThirdParty:1030 - CMSIS Pack Vendor :STMicroelectronics X-CUBE-AZRTOS-H7 3.4.0
2025-10-03 18:36:43,148 [INFO] ThirdParty:1030 - CMSIS Pack Vendor :STMicroelectronics X-CUBE-DISPLAY 3.0.0
2025-10-03 18:36:43,149 [INFO] ThirdParty:1030 - CMSIS Pack Vendor :wolfSSL I-CUBE-wolfSSH 1.4.20
2025-10-03 18:36:43,149 [INFO] ThirdParty:1030 - CMSIS Pack Vendor :STMicroelectronics X-CUBE-NFC7 2.0.0
2025-10-03 18:36:43,149 [INFO] ThirdParty:1030 - CMSIS Pack Vendor :STMicroelectronics X-CUBE-TCPP 4.2.0
2025-10-03 18:36:43,149 [INFO] ThirdParty:1030 - CMSIS Pack Vendor :RealThread X-CUBE-RT-Thread_Nano 4.1.1
2025-10-03 18:36:43,149 [INFO] ThirdParty:1030 - CMSIS Pack Vendor :STMicroelectronics FP-ATR-SIGFOX1 3.2.0
2025-10-03 18:36:43,149 [INFO] ThirdParty:1030 - CMSIS Pack Vendor :STMicroelectronics X-CUBE-NFC10 1.0.0
2025-10-03 18:36:43,149 [INFO] ThirdParty:1030 - CMSIS Pack Vendor :STMicroelectronics X-CUBE-FREERTOS 1.3.1
2025-10-03 18:36:43,150 [INFO] ThirdParty:1030 - CMSIS Pack Vendor :STMicroelectronics HAL Drivers 0.0.0
2025-10-03 18:36:43,150 [INFO] ThirdParty:1030 - CMSIS Pack Vendor :STMicroelectronics MBEDTLS 2.16.2
2025-10-03 18:36:43,150 [INFO] ThirdParty:1030 - CMSIS Pack Vendor :STMicroelectronics X-CUBE-IPS 3.1.0
2025-10-03 18:36:43,150 [INFO] ThirdParty:1030 - CMSIS Pack Vendor :STMicroelectronics X-CUBE-ALS 1.0.2
2025-10-03 18:36:43,150 [INFO] ThirdParty:1030 - CMSIS Pack Vendor :emotas I-CUBE-CANOPEN 1.3.0
2025-10-03 18:36:43,150 [INFO] ThirdParty:1030 - CMSIS Pack Vendor :STMicroelectronics MBEDTLS 2.14.1
2025-10-03 18:36:43,150 [INFO] ThirdParty:1030 - CMSIS Pack Vendor :ITTIA_DB I-CUBE-ITTIADB 8.9.0
2025-10-03 18:36:43,150 [INFO] ThirdParty:1030 - CMSIS Pack Vendor :STMicroelectronics X-CUBE-TOUCHGFX 4.26.0
2025-10-03 18:36:43,150 [INFO] ThirdParty:1030 - CMSIS Pack Vendor :STMicroelectronics X-CUBE-STSE01 1.0.0
2025-10-03 18:36:43,150 [INFO] ThirdParty:1030 - CMSIS Pack Vendor :STMicroelectronics X-CUBE-ST67W61 1.0.0
2025-10-03 18:36:43,150 [INFO] ThirdParty:1030 - CMSIS Pack Vendor :STMicroelectronics FP-SNS-STBOX1 2.1.0
2025-10-03 18:36:43,150 [INFO] ThirdParty:1030 - CMSIS Pack Vendor :STMicroelectronics X-CUBE-AI 10.2.0
2025-10-03 18:36:43,150 [INFO] ThirdParty:1030 - CMSIS Pack Vendor :STMicroelectronics FP-SNS-STAIOTCFT 1.0.0
2025-10-03 18:36:43,151 [INFO] ThirdParty:1030 - CMSIS Pack Vendor :STMicroelectronics ThreadX 1.0.0
2025-10-03 18:36:43,151 [INFO] ThirdParty:1030 - CMSIS Pack Vendor :STMicroelectronics FP-SNS-SMARTAG2 1.2.0
2025-10-03 18:36:43,151 [INFO] ThirdParty:1030 - CMSIS Pack Vendor :STMicroelectronics FP-SNS-FLIGHT1 5.1.0
2025-10-03 18:36:43,151 [INFO] ThirdParty:1030 - CMSIS Pack Vendor :STMicroelectronics X-CUBE-AZRTOS-WL 2.0.0
2025-10-03 18:36:43,151 [INFO] ThirdParty:1030 - CMSIS Pack Vendor :SEGGER I-CUBE-embOS 1.3.1
2025-10-03 18:36:43,151 [INFO] ThirdParty:1030 - CMSIS Pack Vendor :STMicroelectronics X-CUBE-ALGOBUILD 1.4.0
2025-10-03 18:36:43,151 [INFO] ThirdParty:1030 - CMSIS Pack Vendor :STMicroelectronics X-CUBE-DPower 1.3.0
2025-10-03 18:36:43,151 [INFO] ThirdParty:1030 - CMSIS Pack Vendor :STMicroelectronics X-CUBE-MEMS1 11.3.0
2025-10-03 18:36:43,151 [INFO] ThirdParty:1030 - CMSIS Pack Vendor :STMicroelectronics FP-SNS-MOTENV1 5.0.0
2025-10-03 18:36:43,152 [INFO] ThirdParty:1030 - CMSIS Pack Vendor :STMicroelectronics USB_DEVICE 1.0.0
2025-10-03 18:36:43,152 [INFO] ThirdParty:1030 - CMSIS Pack Vendor :STMicroelectronics X-CUBE-AZRTOS-L4 2.0.0
2025-10-03 18:36:43,153 [INFO] ThirdParty:1030 - CMSIS Pack Vendor :STMicroelectronics ThreadX 0.0.2
2025-10-03 18:36:43,153 [INFO] ThirdParty:1030 - CMSIS Pack Vendor :STMicroelectronics lwIP 2.1.2
2025-10-03 18:36:43,153 [INFO] ThirdParty:1030 - CMSIS Pack Vendor :STMicroelectronics X-CUBE-SFXS2LP1 4.0.0
2025-10-03 18:36:43,153 [INFO] ThirdParty:1030 - CMSIS Pack Vendor :STMicroelectronics X-CUBE-BLE2 3.3.0
2025-10-03 18:36:43,153 [INFO] ThirdParty:1030 - CMSIS Pack Vendor :STMicroelectronics X-CUBE-TOF1 3.4.3
2025-10-03 18:36:43,153 [INFO] ThirdParty:1030 - CMSIS Pack Vendor :STMicroelectronics PDM2PCM 3.2.0
2025-10-03 18:36:43,154 [INFO] ThirdParty:841 - exiting critical section [change project]
2025-10-03 18:36:43,431 [INFO] PinOutPanel:1589 - setPackage(No Configuration,No Configuration)
2025-10-03 18:36:43,431 [INFO] PinOutPanel:1589 - setPackage(STM32L433RCTxP,LQFP64)
2025-10-03 18:36:44,271 [INFO] UtilMem:75 - Before build in PCC Used Memory: 417633080 Bytes (895483904)
2025-10-03 18:36:44,972 [INFO] UtilMem:75 - After build in PCC Used Memory: 515156096 Bytes (895483904)
2025-10-03 18:36:45,002 [INFO] IPUIPlugin:80 - create IPUIPlugin
2025-10-03 18:36:45,002 [INFO] IPUIPlugin:80 - create IPUIPlugin
2025-10-03 18:36:45,002 [INFO] IPUIPlugin:80 - create IPUIPlugin
2025-10-03 18:36:45,002 [INFO] IPUIPlugin:80 - create IPUIPlugin
2025-10-03 18:36:45,003 [INFO] IPUIPlugin:80 - create IPUIPlugin
2025-10-03 18:36:45,003 [INFO] IPUIPlugin:80 - create IPUIPlugin
2025-10-03 18:36:45,003 [INFO] IPUIPlugin:80 - create IPUIPlugin
2025-10-03 18:36:45,003 [INFO] IPUIPlugin:80 - create IPUIPlugin
2025-10-03 18:36:45,003 [INFO] IPUIPlugin:80 - create IPUIPlugin
2025-10-03 18:36:45,003 [INFO] IPUIPlugin:80 - create IPUIPlugin
2025-10-03 18:36:45,004 [INFO] IPUIPlugin:80 - create IPUIPlugin
2025-10-03 18:36:45,004 [INFO] IPUIPlugin:80 - create IPUIPlugin
2025-10-03 18:36:45,004 [INFO] IPUIPlugin:80 - create IPUIPlugin
2025-10-03 18:36:45,004 [INFO] IPUIPlugin:80 - create IPUIPlugin
2025-10-03 18:36:45,004 [INFO] IPUIPlugin:80 - create IPUIPlugin
2025-10-03 18:36:45,004 [INFO] IPUIPlugin:80 - create IPUIPlugin
2025-10-03 18:36:45,004 [INFO] IPUIPlugin:80 - create IPUIPlugin
2025-10-03 18:36:45,005 [INFO] IPUIPlugin:80 - create IPUIPlugin
2025-10-03 18:36:45,005 [INFO] IPUIPlugin:80 - create IPUIPlugin
2025-10-03 18:36:45,005 [INFO] IPUIPlugin:80 - create IPUIPlugin
2025-10-03 18:36:45,005 [INFO] IPUIPlugin:80 - create IPUIPlugin
2025-10-03 18:36:45,005 [INFO] IPUIPlugin:80 - create IPUIPlugin
2025-10-03 18:36:45,006 [INFO] IPUIPlugin:80 - create IPUIPlugin
2025-10-03 18:36:45,006 [INFO] IPUIPlugin:80 - create IPUIPlugin
2025-10-03 18:36:45,006 [INFO] IPUIPlugin:80 - create IPUIPlugin
2025-10-03 18:36:45,006 [INFO] IPUIPlugin:80 - create IPUIPlugin
2025-10-03 18:36:45,006 [INFO] IPUIPlugin:80 - create IPUIPlugin
2025-10-03 18:36:45,007 [INFO] IPUIPlugin:80 - create IPUIPlugin
2025-10-03 18:36:45,007 [INFO] IPUIPlugin:80 - create IPUIPlugin
2025-10-03 18:36:45,007 [INFO] IPUIPlugin:80 - create IPUIPlugin
2025-10-03 18:36:45,007 [INFO] IPUIPlugin:80 - create IPUIPlugin
2025-10-03 18:36:45,008 [INFO] IPUIPlugin:80 - create IPUIPlugin
2025-10-03 18:36:45,008 [INFO] IPUIPlugin:80 - create IPUIPlugin
2025-10-03 18:36:45,008 [INFO] IPUIPlugin:80 - create IPUIPlugin
2025-10-03 18:36:45,008 [INFO] IPUIPlugin:80 - create IPUIPlugin
2025-10-03 18:36:45,008 [INFO] IPUIPlugin:80 - create IPUIPlugin
2025-10-03 18:36:45,009 [INFO] IPUIPlugin:80 - create IPUIPlugin
2025-10-03 18:36:45,009 [INFO] IPUIPlugin:80 - create IPUIPlugin
2025-10-03 18:36:45,009 [INFO] IPUIPlugin:80 - create IPUIPlugin
2025-10-03 18:36:45,010 [INFO] IPUIPlugin:80 - create IPUIPlugin
2025-10-03 18:36:45,010 [INFO] IPUIPlugin:80 - create IPUIPlugin
2025-10-03 18:36:45,010 [INFO] IPUIPlugin:80 - create IPUIPlugin
2025-10-03 18:36:45,010 [INFO] IPUIPlugin:80 - create IPUIPlugin
2025-10-03 18:36:45,011 [INFO] IPUIPlugin:80 - create IPUIPlugin
2025-10-03 18:36:45,012 [INFO] IPUIPlugin:80 - create IPUIPlugin
2025-10-03 18:36:45,079 [INFO] CADModel:165 - CPN selected for project levelSTM32L433RCT6P
2025-10-03 18:36:45,079 [INFO] CADModel:114 - Register for checkConnection events
2025-10-03 18:36:45,119 [INFO] OpenFileManager:386 - Restore cursor
